-- phpMyAdmin SQL Dump
-- version 5.2.1
-- https://www.phpmyadmin.net/
--
-- Host: 127.0.0.1:8111
-- Waktu pembuatan: 09 Jul 2026 pada 10.23
-- Versi server: 10.4.32-MariaDB
-- Versi PHP: 8.0.30

SET SQL_MODE = "NO_AUTO_VALUE_ON_ZERO";
START TRANSACTION;
SET time_zone = "+00:00";


/*!40101 SET @OLD_CHARACTER_SET_CLIENT=@@CHARACTER_SET_CLIENT */;
/*!40101 SET @OLD_CHARACTER_SET_RESULTS=@@CHARACTER_SET_RESULTS */;
/*!40101 SET @OLD_COLLATION_CONNECTION=@@COLLATION_CONNECTION */;
/*!40101 SET NAMES utf8mb4 */;

--
-- Database: `rfid_db`
--

-- --------------------------------------------------------

--
-- Struktur dari tabel `access_control`
--

CREATE TABLE `access_control` (
  `id` int(11) NOT NULL,
  `user_uid` varchar(64) NOT NULL,
  `device_id` varchar(64) NOT NULL
) ENGINE=InnoDB DEFAULT CHARSET=utf8mb4 COLLATE=utf8mb4_general_ci;

--
-- Dumping data untuk tabel `access_control`
--

INSERT INTO `access_control` (`id`, `user_uid`, `device_id`) VALUES
(121, '13E824D3', 'door_1'),
(43, '66E84306', 'door_2'),
(122, 'AD629121', 'door_2'),
(125, 'AD6DD321', 'door_1'),
(126, 'AD6DD321', 'door_2'),
(120, 'BD9BD421', 'door_1');

-- --------------------------------------------------------

--
-- Struktur dari tabel `app_settings`
--

CREATE TABLE `app_settings` (
  `setting_key` varchar(64) NOT NULL,
  `setting_value` text DEFAULT NULL,
  `updated_at` timestamp NOT NULL DEFAULT current_timestamp() ON UPDATE current_timestamp()
) ENGINE=InnoDB DEFAULT CHARSET=utf8mb4 COLLATE=utf8mb4_general_ci;

--
-- Dumping data untuk tabel `app_settings`
--

INSERT INTO `app_settings` (`setting_key`, `setting_value`, `updated_at`) VALUES
('auto_refresh', '1', '2026-05-22 17:03:21'),
('enable_logging', '0', '2026-06-23 11:16:21'),
('login_attempt_limit', '5', '2026-05-03 04:33:39'),
('mode', 'hybrid', '2026-07-02 14:45:01'),
('refresh_interval', '15', '2026-05-02 14:06:22'),
('session_timeout', '60', '2026-05-03 04:33:30'),
('system_name', 'Smart Door System', '2026-05-23 09:58:15'),
('timezone', 'Asia/Jakarta', '2026-05-03 04:49:39');

-- --------------------------------------------------------

--
-- Struktur dari tabel `commands`
--

CREATE TABLE `commands` (
  `id` int(11) NOT NULL,
  `device_id` varchar(64) NOT NULL,
  `command` varchar(32) NOT NULL,
  `payload` text DEFAULT NULL,
  `created_at` datetime NOT NULL DEFAULT current_timestamp(),
  `consumed_at` datetime DEFAULT NULL
) ENGINE=InnoDB DEFAULT CHARSET=utf8mb4 COLLATE=utf8mb4_general_ci;

--
-- Dumping data untuk tabel `commands`
--

INSERT INTO `commands` (`id`, `device_id`, `command`, `payload`, `created_at`, `consumed_at`) VALUES
(1, 'pintu_1', 'OPEN', NULL, '2026-04-22 00:51:12', '2026-04-22 00:51:12'),
(2, 'pintu_1', 'OPEN', NULL, '2026-04-22 00:52:31', '2026-04-22 00:52:32'),
(3, 'pintu_1', 'OPEN', NULL, '2026-04-22 00:53:55', '2026-04-22 00:53:55'),
(4, 'pintu_1', 'OPEN', NULL, '2026-04-22 00:55:39', '2026-04-22 00:55:39'),
(5, 'pintu_1', 'OPEN', NULL, '2026-04-22 00:55:46', '2026-04-22 00:55:47'),
(6, 'pintu_1', 'OPEN', NULL, '2026-04-22 00:57:33', '2026-04-22 00:57:34'),
(134, 'door_1', 'OPEN', NULL, '2026-04-24 21:47:38', '2026-04-24 21:47:39'),
(135, 'door_1', 'OPEN', NULL, '2026-04-24 21:50:12', '2026-04-24 21:50:12'),
(137, 'door_1', 'OPEN', NULL, '2026-04-24 21:53:26', '2026-04-24 21:53:27'),
(138, 'door_1', 'OPEN', NULL, '2026-04-24 23:40:14', '2026-04-24 23:40:14'),
(139, 'door_1', 'OPEN', NULL, '2026-04-25 00:27:37', '2026-04-25 00:27:38'),
(140, 'door_1', 'OPEN', NULL, '2026-04-25 00:28:26', '2026-04-25 00:28:26'),
(141, 'door_1', 'OPEN', NULL, '2026-04-25 00:29:04', '2026-04-25 00:29:04'),
(142, 'door_1', 'OPEN', NULL, '2026-04-25 00:55:03', '2026-04-25 00:55:03'),
(143, 'door_1', 'OPEN', NULL, '2026-04-25 00:55:11', '2026-04-25 00:55:12'),
(144, 'door_1', 'OPEN', NULL, '2026-04-25 00:55:22', '2026-04-25 00:55:23'),
(145, 'door_1', 'OPEN', NULL, '2026-04-25 01:32:41', '2026-04-25 01:32:41'),
(146, 'door_1', 'OPEN', NULL, '2026-04-25 01:46:52', '2026-04-25 01:46:52'),
(147, 'door_1', 'OPEN', NULL, '2026-04-25 01:49:59', '2026-04-25 01:49:59'),
(148, 'door_1', 'OPEN', NULL, '2026-04-25 01:50:10', '2026-04-25 01:50:11'),
(149, 'door_1', 'OPEN', NULL, '2026-04-25 01:56:05', '2026-04-25 01:56:05'),
(150, 'door_1', 'OPEN', NULL, '2026-04-25 01:57:04', '2026-04-25 01:57:05'),
(212, 'door_1', 'OPEN', NULL, '2026-05-01 20:20:11', '2026-05-01 20:20:11'),
(213, 'door_1', 'OPEN', NULL, '2026-05-01 20:21:23', '2026-05-01 20:21:23'),
(333, 'door_1', 'OPEN', NULL, '2026-05-06 08:25:10', '2026-05-06 08:25:11'),
(334, 'door_1', 'OPEN', NULL, '2026-05-06 08:28:55', '2026-05-06 08:28:56'),
(335, 'door_1', 'OPEN', NULL, '2026-05-06 08:30:21', '2026-05-06 08:30:22'),
(350, 'door_1', 'OPEN', NULL, '2026-05-13 23:47:11', '2026-05-13 23:47:11'),
(351, 'door_1', 'OPEN', NULL, '2026-05-13 23:47:37', '2026-05-13 23:47:38'),
(386, 'door_1', 'OPEN', NULL, '2026-05-26 22:54:32', '2026-05-26 22:54:32'),
(389, 'door_1', 'OPEN', NULL, '2026-05-26 23:01:38', '2026-05-26 23:01:39'),
(392, 'door_1', 'OPEN', NULL, '2026-06-03 22:05:11', '2026-06-03 22:05:11'),
(393, 'door_1', 'OPEN', NULL, '2026-06-03 22:05:21', '2026-06-03 22:05:22'),
(394, 'door_1', 'OPEN', NULL, '2026-06-03 22:06:24', '2026-06-03 22:06:24'),
(395, 'door_1', 'OPEN', NULL, '2026-06-03 22:06:33', '2026-06-03 22:06:33'),
(396, 'door_1', 'OPEN', NULL, '2026-06-03 22:38:17', '2026-06-03 22:38:17'),
(397, 'door_1', 'OPEN', NULL, '2026-06-06 22:46:25', '2026-06-06 22:46:25'),
(398, 'door_1', 'OPEN', NULL, '2026-06-06 22:46:34', '2026-06-06 22:46:34'),
(399, 'door_1', 'OPEN', NULL, '2026-06-06 22:46:43', '2026-06-06 22:46:44'),
(400, 'door_1', 'OPEN', NULL, '2026-06-06 22:57:58', '2026-06-06 22:57:58'),
(401, 'door_1', 'OPEN', NULL, '2026-06-06 23:11:22', '2026-06-06 23:11:23'),
(402, 'door_1', 'OPEN', NULL, '2026-06-06 23:46:47', '2026-06-06 23:46:47'),
(403, 'door_1', 'OPEN', NULL, '2026-06-06 23:47:29', '2026-06-06 23:47:29'),
(404, 'door_1', 'OPEN', NULL, '2026-06-06 23:49:43', '2026-06-06 23:49:44'),
(405, 'door_1', 'OPEN', NULL, '2026-06-06 23:51:02', '2026-06-06 23:51:03'),
(406, 'door_1', 'OPEN', NULL, '2026-06-07 01:19:31', '2026-06-07 01:19:32'),
(407, 'door_1', 'OPEN', NULL, '2026-06-07 01:20:04', '2026-06-07 01:20:04'),
(408, 'door_1', 'OPEN', NULL, '2026-06-07 01:20:46', '2026-06-07 01:20:46'),
(409, 'door_1', 'OPEN', NULL, '2026-06-07 01:23:37', '2026-06-07 01:23:38'),
(410, 'door_1', 'OPEN', NULL, '2026-06-07 01:40:20', '2026-06-07 01:40:21'),
(411, 'door_1', 'OPEN', NULL, '2026-06-07 01:40:32', '2026-06-07 01:40:33'),
(412, 'door_1', 'OPEN', NULL, '2026-06-07 01:40:43', '2026-06-07 01:40:43'),
(413, 'door_1', 'OPEN', NULL, '2026-06-07 01:40:54', '2026-06-07 01:40:54'),
(414, 'door_1', 'OPEN', NULL, '2026-06-07 01:43:56', '2026-06-07 01:43:56'),
(415, 'door_1', 'OPEN', NULL, '2026-06-18 12:13:15', '2026-06-18 12:13:16'),
(416, 'door_1', 'OPEN', NULL, '2026-06-18 12:13:38', '2026-06-18 12:13:38'),
(417, 'door_1', 'OPEN', NULL, '2026-06-18 12:43:43', '2026-06-18 12:43:43'),
(418, 'door_1', 'OPEN', NULL, '2026-06-18 12:48:54', '2026-06-18 12:48:55'),
(419, 'door_1', 'OPEN', NULL, '2026-06-18 12:55:46', '2026-06-18 12:55:46'),
(420, 'door_1', 'OPEN', NULL, '2026-06-18 13:19:11', '2026-06-18 13:19:11'),
(422, 'door_1', 'OPEN', NULL, '2026-06-18 13:53:18', '2026-06-18 13:53:18'),
(423, 'door_1', 'OPEN', NULL, '2026-06-18 13:53:31', '2026-06-18 13:53:31'),
(424, 'door_1', 'OPEN', NULL, '2026-06-18 13:53:40', '2026-06-18 13:53:40'),
(425, 'door_1', 'OPEN', NULL, '2026-06-18 13:53:53', '2026-06-18 13:53:54'),
(426, 'door_1', 'OPEN', NULL, '2026-06-18 13:54:14', '2026-06-18 13:54:14'),
(428, 'door_1', 'OPEN', NULL, '2026-06-23 18:22:35', '2026-06-23 18:22:35'),
(429, 'door_1', 'OPEN', NULL, '2026-06-23 18:22:41', '2026-06-23 18:22:42'),
(430, 'door_1', 'OPEN', NULL, '2026-07-01 11:42:47', '2026-07-01 11:42:59'),
(431, 'door_1', 'OPEN', NULL, '2026-07-01 11:43:05', '2026-07-01 11:43:36'),
(432, 'door_1', 'OPEN', NULL, '2026-07-01 11:43:57', '2026-07-01 11:45:47'),
(433, 'door_1', 'OPEN', NULL, '2026-07-01 12:07:16', '2026-07-01 14:13:08'),
(434, 'door_1', 'OPEN', NULL, '2026-07-01 14:13:25', '2026-07-01 14:13:25'),
(435, 'door_1', 'OPEN', NULL, '2026-07-01 14:14:11', '2026-07-01 14:14:11'),
(436, 'door_1', 'OPEN', NULL, '2026-07-01 14:14:43', '2026-07-01 14:14:45'),
(437, 'door_1', 'OPEN', NULL, '2026-07-01 14:19:55', '2026-07-01 14:19:57'),
(438, 'door_1', 'OPEN', NULL, '2026-07-01 14:28:36', '2026-07-01 14:28:37'),
(439, 'door_1', 'OPEN', NULL, '2026-07-01 16:16:16', '2026-07-01 16:16:35'),
(440, 'door_1', 'OPEN', NULL, '2026-07-01 16:22:22', '2026-07-01 16:22:26'),
(441, 'door_1', 'OPEN', NULL, '2026-07-01 17:17:35', '2026-07-01 17:17:37'),
(442, 'door_1', 'OPEN', NULL, '2026-07-01 17:54:53', '2026-07-01 17:54:53'),
(443, 'door_1', 'OPEN', NULL, '2026-07-01 20:24:32', '2026-07-01 20:24:35'),
(444, 'door_1', 'OPEN', NULL, '2026-07-01 21:22:10', '2026-07-01 21:22:10'),
(445, 'door_1', 'OPEN', NULL, '2026-07-01 21:54:58', '2026-07-01 21:54:59'),
(446, 'door_1', 'OPEN', NULL, '2026-07-02 10:55:37', '2026-07-02 10:55:38'),
(447, 'door_1', 'OPEN', NULL, '2026-07-02 11:43:01', '2026-07-02 11:43:03'),
(448, 'door_1', 'OPEN', NULL, '2026-07-02 13:40:51', '2026-07-02 13:40:52'),
(449, 'door_1', 'OPEN', NULL, '2026-07-02 16:23:14', '2026-07-02 16:23:16'),
(450, 'door_1', 'OPEN', NULL, '2026-07-02 17:36:01', '2026-07-02 17:36:03'),
(451, 'door_1', 'OPEN', NULL, '2026-07-02 17:36:19', '2026-07-02 17:36:22'),
(452, 'door_1', 'OPEN', NULL, '2026-07-02 18:24:27', '2026-07-02 18:24:29'),
(453, 'door_2', 'OPEN', NULL, '2026-07-02 18:28:50', '2026-07-02 18:28:53'),
(454, 'door_2', 'OPEN', NULL, '2026-07-02 21:42:14', '2026-07-02 21:42:15'),
(455, 'door_1', 'OPEN', NULL, '2026-07-06 11:16:33', '2026-07-06 11:16:35'),
(456, 'door_1', 'OPEN', NULL, '2026-07-06 17:36:47', '2026-07-06 17:36:50'),
(457, 'door_1', 'OPEN', NULL, '2026-07-06 17:37:07', '2026-07-06 17:37:10'),
(458, 'door_1', 'OPEN', NULL, '2026-07-06 17:37:35', '2026-07-06 17:37:40'),
(459, 'door_1', 'OPEN', NULL, '2026-07-06 18:01:35', '2026-07-06 18:01:36'),
(460, 'door_1', 'OPEN', NULL, '2026-07-09 10:15:40', '2026-07-09 10:15:44');

-- --------------------------------------------------------

--
-- Struktur dari tabel `devices`
--

CREATE TABLE `devices` (
  `device_id` varchar(64) NOT NULL,
  `api_key` varchar(128) DEFAULT NULL,
  `device_name` varchar(128) DEFAULT NULL,
  `status` varchar(16) DEFAULT 'OFFLINE',
  `name` varchar(128) DEFAULT NULL,
  `last_seen` datetime NOT NULL DEFAULT current_timestamp(),
  `last_ip` varchar(45) DEFAULT NULL,
  `created_at` datetime NOT NULL DEFAULT current_timestamp(),
  `updated_at` datetime NOT NULL DEFAULT current_timestamp() ON UPDATE current_timestamp()
) ENGINE=InnoDB DEFAULT CHARSET=utf8mb4 COLLATE=utf8mb4_general_ci;

--
-- Dumping data untuk tabel `devices`
--

INSERT INTO `devices` (`device_id`, `api_key`, `device_name`, `status`, `name`, `last_seen`, `last_ip`, `created_at`, `updated_at`) VALUES
('door_1', '3995b8c904f162ec234131664e06d61b', 'RUANG NOC', 'ONLINE', 'RUANG NOC', '2026-07-09 15:23:42', '10.200.243.143', '2026-04-24 21:45:56', '2026-07-09 15:23:42'),
('door_2', 'e5360f4840b364080adf14248f57992d', 'RUANG MEETING', 'ONLINE', 'RUANG MEETING', '2026-07-03 11:09:39', '10.200.243.143', '2026-06-29 11:06:02', '2026-07-03 11:09:39');

-- --------------------------------------------------------

--
-- Struktur dari tabel `logs`
--

CREATE TABLE `logs` (
  `id` int(11) NOT NULL,
  `device_id` varchar(64) NOT NULL,
  `device_name` varchar(128) DEFAULT NULL,
  `name` varchar(64) DEFAULT NULL,
  `uid` varchar(32) NOT NULL,
  `status` varchar(16) NOT NULL,
  `method` varchar(16) NOT NULL DEFAULT 'rfid',
  `time` datetime NOT NULL DEFAULT current_timestamp()
) ENGINE=InnoDB DEFAULT CHARSET=utf8mb4 COLLATE=utf8mb4_general_ci;

--
-- Dumping data untuk tabel `logs`
--

INSERT INTO `logs` (`id`, `device_id`, `device_name`, `name`, `uid`, `status`, `method`, `time`) VALUES
(2, 'pintu_1', NULL, NULL, 'AD629121', 'GRANTED', 'rfid', '2026-04-22 00:51:50'),
(3, 'pintu_1', NULL, NULL, 'AD629121', 'GRANTED', 'rfid', '2026-04-22 00:51:54'),
(4, 'pintu_1', NULL, NULL, 'AD629121', 'GRANTED', 'rfid', '2026-04-22 00:52:25'),
(5, 'pintu_1', NULL, NULL, 'AD629121', 'GRANTED', 'rfid', '2026-04-22 00:56:41'),
(6, 'pintu_1', NULL, NULL, 'BD9BD421', 'DENIED', 'rfid', '2026-04-22 01:00:33'),
(7, 'pintu_1', NULL, NULL, 'AD629121', 'GRANTED', 'rfid', '2026-04-22 01:00:37'),
(8, 'pintu_1', NULL, NULL, 'AD629121', 'GRANTED', 'rfid', '2026-04-22 01:00:48'),
(9, 'door_1', NULL, NULL, 'AD629121', 'GRANTED', 'rfid', '2026-04-22 01:07:16'),
(10, 'door_1', NULL, NULL, 'BD9BD421', 'DENIED', 'rfid', '2026-04-22 01:07:39'),
(11, 'door_1', NULL, NULL, 'AD629121', 'GRANTED', 'rfid', '2026-04-22 01:07:44'),
(12, 'door_1', NULL, NULL, 'AD629121', 'GRANTED', 'rfid', '2026-04-22 01:08:04'),
(13, 'door_1', NULL, NULL, 'AD629121', 'GRANTED', 'rfid', '2026-04-22 01:08:28'),
(14, 'door_1', NULL, NULL, 'AD629121', 'GRANTED', 'rfid', '2026-04-22 01:46:25'),
(15, 'door_1', NULL, NULL, 'AD629121', 'GRANTED', 'rfid', '2026-04-22 01:53:25'),
(16, 'door_1', NULL, NULL, 'AD6DD321', 'DENIED', 'rfid', '2026-04-22 21:40:27'),
(17, 'door_1', NULL, NULL, 'BD9BD421', 'DENIED', 'rfid', '2026-04-22 23:11:00'),
(18, 'door_1', NULL, NULL, 'AD6DD321', 'DENIED', 'rfid', '2026-04-22 23:11:04'),
(19, 'door_1', NULL, NULL, 'AD629121', 'GRANTED', 'rfid', '2026-04-22 23:11:14'),
(20, 'door_1', NULL, NULL, '0587B114249100', 'DENIED', 'rfid', '2026-04-22 23:11:33'),
(21, 'door_1', NULL, NULL, 'BD9BD421', 'DENIED', 'rfid', '2026-04-22 23:38:54'),
(22, 'door_1', NULL, NULL, 'AD629121', 'GRANTED', 'rfid', '2026-04-22 23:38:58'),
(23, 'door_1', NULL, NULL, 'AD629121', 'GRANTED', 'rfid', '2026-04-23 00:39:45'),
(24, 'door_1', NULL, NULL, 'AD629121', 'GRANTED', 'rfid', '2026-04-23 00:39:53'),
(25, 'door_1', NULL, NULL, 'AD629121', 'GRANTED', 'rfid', '2026-04-23 00:39:59'),
(26, 'door_1', NULL, NULL, 'AD6DD321', 'DENIED', 'rfid', '2026-04-23 00:40:06'),
(27, 'door_1', NULL, NULL, 'BD9BD421', 'DENIED', 'rfid', '2026-04-23 01:05:51'),
(28, 'door_1', NULL, NULL, 'AD6DD321', 'DENIED', 'rfid', '2026-04-23 01:05:53'),
(29, 'door_1', NULL, NULL, 'AD629121', 'GRANTED', 'rfid', '2026-04-23 01:05:56'),
(30, 'door_1', NULL, NULL, 'AD629121', 'GRANTED', 'rfid', '2026-04-23 01:19:28'),
(31, 'door_1', NULL, NULL, 'BD9BD421', 'DENIED', 'rfid', '2026-04-23 15:10:01'),
(32, 'door_1', NULL, NULL, 'AD629121', 'GRANTED', 'rfid', '2026-04-23 15:10:04'),
(33, 'door_2', NULL, NULL, 'AD629121', 'GRANTED', 'rfid', '2026-04-23 15:35:57'),
(34, 'door_2', NULL, NULL, 'BD9BD421', 'DENIED', 'rfid', '2026-04-23 15:36:04'),
(35, 'door_2', NULL, NULL, 'AD6DD321', 'DENIED', 'rfid', '2026-04-23 15:39:44'),
(36, 'door_1', NULL, NULL, 'BD9BD421', 'DENIED', 'rfid', '2026-04-23 15:52:58'),
(37, 'door_1', NULL, NULL, 'AD629121', 'GRANTED', 'rfid', '2026-04-23 15:53:03'),
(38, 'door_2', NULL, NULL, 'AD629121', 'GRANTED', 'rfid', '2026-04-23 15:53:12'),
(39, 'door_2', NULL, NULL, 'BD9BD421', 'DENIED', 'rfid', '2026-04-23 15:59:33'),
(40, 'door_2', NULL, NULL, 'BD9BD421', 'DENIED', 'rfid', '2026-04-23 16:09:15'),
(41, 'door_1', NULL, NULL, 'BD9BD421', 'DENIED', 'rfid', '2026-04-23 16:09:21'),
(42, 'door_2', NULL, NULL, 'AD629121', 'GRANTED', 'rfid', '2026-04-23 16:48:26'),
(43, 'door_2', NULL, NULL, 'AD629121', 'GRANTED', 'rfid', '2026-04-23 16:52:01'),
(44, 'door_1', NULL, NULL, 'BD9BD421', 'DENIED', 'rfid', '2026-04-23 17:10:59'),
(45, 'door_2', NULL, NULL, 'AD629121', 'GRANTED', 'rfid', '2026-04-23 17:11:05'),
(46, 'door_2', NULL, NULL, 'AD629121', 'GRANTED', 'rfid', '2026-04-23 17:16:25'),
(47, 'door_2', NULL, NULL, 'AD629121', 'GRANTED', 'rfid', '2026-04-23 17:17:22'),
(48, 'door_2', NULL, NULL, 'AD629121', 'GRANTED', 'rfid', '2026-04-23 17:36:54'),
(49, 'door_2', NULL, NULL, 'AD629121', 'GRANTED', 'rfid', '2026-04-23 17:37:19'),
(50, 'door_2', NULL, NULL, 'AD629121', 'GRANTED', 'rfid', '2026-04-23 17:37:30'),
(51, 'door_1', NULL, NULL, 'AD629121', 'GRANTED', 'rfid', '2026-04-23 17:38:42'),
(52, 'door_1', NULL, NULL, 'AD629121', 'GRANTED', 'rfid', '2026-04-23 17:38:56'),
(53, 'door_1', NULL, NULL, 'BD9BD421', 'DENIED', 'rfid', '2026-04-23 17:40:51'),
(54, 'door_2', NULL, NULL, 'AD629121', 'GRANTED', 'rfid', '2026-04-23 17:43:18'),
(55, 'door_2', NULL, NULL, 'AD6DD321', 'DENIED', 'rfid', '2026-04-23 17:43:26'),
(56, 'door_2', NULL, NULL, 'AD6DD321', 'DENIED', 'rfid', '2026-04-23 17:43:28'),
(57, 'door_2', NULL, NULL, 'AD6DD321', 'DENIED', 'rfid', '2026-04-23 17:43:39'),
(58, 'door_2', NULL, NULL, 'AD629121', 'GRANTED', 'rfid', '2026-04-23 17:43:40'),
(59, 'door_2', NULL, NULL, 'AD629121', 'GRANTED', 'rfid', '2026-04-23 17:43:51'),
(60, 'door_2', NULL, NULL, 'AD6DD321', 'DENIED', 'rfid', '2026-04-23 17:44:00'),
(61, 'door_2', NULL, NULL, 'AD6DD321', 'DENIED', 'rfid', '2026-04-23 17:44:02'),
(62, 'door_2', NULL, NULL, 'AD629121', 'GRANTED', 'rfid', '2026-04-23 17:44:57'),
(63, 'door_2', NULL, NULL, 'AD629121', 'GRANTED', 'rfid', '2026-04-23 17:45:06'),
(64, 'door_2', NULL, NULL, 'AD629121', 'GRANTED', 'rfid', '2026-04-23 17:45:15'),
(65, 'door_2', NULL, NULL, 'AD629121', 'GRANTED', 'rfid', '2026-04-23 17:45:31'),
(66, 'door_1', NULL, NULL, 'AD629121', 'GRANTED', 'rfid', '2026-04-23 17:46:36'),
(67, 'door_2', NULL, NULL, 'AD629121', 'GRANTED', 'rfid', '2026-04-23 17:46:38'),
(68, 'door_2', NULL, NULL, 'AD629121', 'GRANTED', 'rfid', '2026-04-23 17:48:00'),
(69, 'door_2', NULL, NULL, 'AD629121', 'GRANTED', 'rfid', '2026-04-23 19:59:37'),
(70, 'door_2', NULL, NULL, 'BD9BD421', 'DENIED', 'rfid', '2026-04-24 12:57:59'),
(71, 'door_2', NULL, NULL, 'AD629121', 'GRANTED', 'rfid', '2026-04-24 12:58:02'),
(72, 'door_2', NULL, NULL, 'AD629121', 'GRANTED', 'rfid', '2026-04-24 12:58:11'),
(73, 'door_2', NULL, NULL, 'AD629121', 'GRANTED', 'rfid', '2026-04-24 12:58:29'),
(74, 'door_2', NULL, NULL, 'AD629121', 'GRANTED', 'rfid', '2026-04-24 16:06:07'),
(75, 'door_2', NULL, NULL, 'BD9BD421', 'DENIED', 'rfid', '2026-04-24 16:51:37'),
(76, 'door_2', NULL, NULL, 'AD629121', 'GRANTED', 'rfid', '2026-04-24 16:51:41'),
(77, 'door_2', NULL, NULL, 'AD629121', 'GRANTED', 'rfid', '2026-04-24 20:40:54'),
(78, 'door_1', NULL, NULL, 'BD9BD421', 'DENIED', 'rfid', '2026-04-24 21:47:47'),
(79, 'door_1', NULL, NULL, 'AD629121', 'GRANTED', 'rfid', '2026-04-24 21:48:03'),
(80, 'door_2', NULL, NULL, 'BD9BD421', 'DENIED', 'rfid', '2026-04-24 21:48:19'),
(81, 'door_2', NULL, NULL, 'AD629121', 'GRANTED', 'rfid', '2026-04-24 21:48:25'),
(82, 'door_1', NULL, NULL, 'AD629121', 'GRANTED', 'rfid', '2026-04-24 22:21:46'),
(83, 'door_1', NULL, NULL, 'BD9BD421', 'DENIED', 'rfid', '2026-04-24 22:22:04'),
(84, 'door_1', NULL, NULL, 'AD629121', 'GRANTED', 'rfid', '2026-04-24 23:36:17'),
(85, 'door_1', NULL, NULL, 'BD9BD421', 'DENIED', 'rfid', '2026-04-24 23:36:44'),
(86, 'door_1', NULL, NULL, 'BD9BD421', 'DENIED', 'rfid', '2026-04-24 23:40:20'),
(87, 'door_1', NULL, NULL, 'BD9BD421', 'DENIED', 'rfid', '2026-04-24 23:41:39'),
(88, 'door_1', NULL, NULL, 'AD629121', 'GRANTED', 'rfid', '2026-04-24 23:41:45'),
(89, 'door_1', NULL, NULL, 'AD629121', 'GRANTED', 'rfid', '2026-04-24 23:43:42'),
(90, 'door_1', NULL, NULL, 'BD9BD421', 'DENIED', 'rfid', '2026-04-24 23:57:26'),
(91, 'door_1', NULL, NULL, 'BD9BD421', 'DENIED', 'rfid', '2026-04-25 00:27:17'),
(92, 'door_1', NULL, NULL, 'BD9BD421', 'DENIED', 'rfid', '2026-04-25 00:28:43'),
(93, 'door_1', NULL, NULL, 'BD9BD421', 'DENIED', 'rfid', '2026-04-25 00:29:40'),
(94, 'door_1', NULL, NULL, 'BD9BD421', 'DENIED', 'rfid', '2026-04-25 00:29:41'),
(95, 'door_1', NULL, NULL, 'BD9BD421', 'DENIED', 'rfid', '2026-04-25 00:36:27'),
(96, 'door_1', NULL, NULL, 'AD629121', 'GRANTED', 'rfid', '2026-04-25 00:36:48'),
(97, 'door_1', NULL, NULL, 'BD9BD421', 'DENIED', 'rfid', '2026-04-25 00:36:56'),
(98, 'door_1', NULL, NULL, 'AD629121', 'GRANTED', 'rfid', '2026-04-25 00:51:28'),
(99, 'door_1', NULL, NULL, 'BD9BD421', 'DENIED', 'rfid', '2026-04-25 00:51:35'),
(100, 'door_1', NULL, NULL, 'AD629121', 'GRANTED', 'rfid', '2026-04-25 00:52:01'),
(101, 'door_1', NULL, NULL, 'AD629121', 'GRANTED', 'rfid', '2026-04-25 01:18:09'),
(102, 'door_1', NULL, NULL, 'AD629121', 'GRANTED', 'rfid', '2026-04-25 01:18:17'),
(103, 'door_1', NULL, NULL, 'BD9BD421', 'DENIED', 'rfid', '2026-04-25 01:18:33'),
(106, 'door_1', NULL, NULL, 'AD629121', 'GRANTED', 'rfid', '2026-04-25 01:49:17'),
(107, 'door_1', NULL, NULL, 'AD629121', 'GRANTED', 'rfid', '2026-04-25 01:55:15'),
(108, 'door_1', NULL, NULL, 'AD629121', 'GRANTED', 'rfid', '2026-04-25 01:57:12'),
(109, 'door_2', NULL, NULL, 'BD9BD421', 'DENIED', 'rfid', '2026-04-25 12:48:58'),
(110, 'door_2', NULL, NULL, 'AD629121', 'GRANTED', 'rfid', '2026-04-25 12:48:58'),
(111, 'door_2', NULL, NULL, 'BD9BD421', 'DENIED', 'rfid', '2026-04-25 12:49:38'),
(112, 'door_2', NULL, NULL, 'BD9BD421', 'DENIED', 'rfid', '2026-04-25 12:49:45'),
(113, 'door_2', NULL, NULL, 'AD6DD321', 'DENIED', 'rfid', '2026-04-25 12:49:53'),
(114, 'door_2', NULL, NULL, 'AD629121', 'GRANTED', 'rfid', '2026-04-25 12:50:06'),
(115, 'door_2', NULL, NULL, 'BD9BD421', 'DENIED', 'rfid', '2026-04-25 12:56:38'),
(116, 'door_2', NULL, NULL, 'AD6DD321', 'DENIED', 'rfid', '2026-04-25 12:56:47'),
(117, 'door_2', NULL, NULL, 'AD629121', 'GRANTED', 'rfid', '2026-04-25 12:57:53'),
(118, 'door_2', NULL, NULL, 'AD629121', 'GRANTED', 'rfid', '2026-04-25 12:58:01'),
(119, 'door_2', NULL, NULL, 'AD6DD321', 'DENIED', 'rfid', '2026-04-25 13:01:04'),
(120, 'door_2', NULL, NULL, 'AD629121', 'GRANTED', 'rfid', '2026-04-25 13:07:33'),
(121, 'door_2', NULL, NULL, 'AD6DD321', 'DENIED', 'rfid', '2026-04-25 13:07:40'),
(122, 'door_2', NULL, NULL, 'BD9BD421', 'DENIED', 'rfid', '2026-04-25 13:07:48'),
(123, 'door_2', NULL, NULL, 'AD6DD321', 'DENIED', 'rfid', '2026-04-25 13:45:15'),
(124, 'door_2', NULL, NULL, 'BD9BD421', 'DENIED', 'rfid', '2026-04-25 13:45:21'),
(125, 'door_2', NULL, NULL, 'AD629121', 'GRANTED', 'rfid', '2026-04-25 13:45:25'),
(126, 'door_2', NULL, NULL, 'AD629121', 'GRANTED', 'rfid', '2026-04-25 13:58:02'),
(127, 'door_2', NULL, NULL, 'AD629121', 'GRANTED', 'rfid', '2026-04-25 14:39:20'),
(128, 'door_2', NULL, NULL, 'BD9BD421', 'DENIED', 'rfid', '2026-04-25 14:39:30'),
(129, 'door_2', NULL, NULL, 'AD6DD321', 'DENIED', 'rfid', '2026-04-25 14:40:25'),
(130, 'door_2', NULL, NULL, 'AD629121', 'GRANTED', 'rfid', '2026-04-25 14:40:30'),
(131, 'door_2', NULL, NULL, 'AD629121', 'GRANTED', 'rfid', '2026-04-25 15:07:31'),
(132, 'door_2', NULL, NULL, 'AD629121', 'GRANTED', 'rfid', '2026-04-25 15:51:18'),
(133, 'door_2', NULL, NULL, 'AD629121', 'GRANTED', 'rfid', '2026-04-25 16:36:05'),
(134, 'door_2', NULL, NULL, 'AD629121', 'GRANTED', 'rfid', '2026-04-27 01:01:26'),
(135, 'door_2', NULL, NULL, 'BD9BD421', 'DENIED', 'rfid', '2026-04-27 01:01:43'),
(136, 'door_2', NULL, NULL, 'AD629121', 'GRANTED', 'rfid', '2026-04-27 01:01:53'),
(137, 'door_2', NULL, NULL, 'AD629121', 'GRANTED', 'rfid', '2026-04-27 01:07:54'),
(138, 'door_2', NULL, NULL, 'AD629121', 'GRANTED', 'rfid', '2026-04-27 01:08:28'),
(139, 'door_2', NULL, NULL, 'AD629121', 'GRANTED', 'rfid', '2026-04-27 01:08:46'),
(140, 'door_2', NULL, NULL, 'BD9BD421', 'DENIED', 'rfid', '2026-04-27 01:09:26'),
(141, 'door_2', NULL, NULL, 'AD629121', 'GRANTED', 'rfid', '2026-04-27 01:09:31'),
(142, 'door_2', NULL, NULL, 'AD629121', 'GRANTED', 'rfid', '2026-04-27 01:09:59'),
(143, 'door_2', NULL, NULL, 'AD629121', 'GRANTED', 'rfid', '2026-04-27 01:10:11'),
(144, 'door_2', NULL, NULL, 'AD629121', 'GRANTED', 'rfid', '2026-04-27 01:10:33'),
(145, 'door_2', NULL, NULL, 'AD629121', 'GRANTED', 'rfid', '2026-04-27 01:16:44'),
(146, 'door_2', NULL, NULL, 'AD629121', 'GRANTED', 'rfid', '2026-04-27 01:18:49'),
(147, 'door_2', NULL, NULL, 'BD9BD421', 'DENIED', 'rfid', '2026-04-27 01:19:21'),
(148, 'door_2', NULL, NULL, 'AD629121', 'GRANTED', 'rfid', '2026-04-27 01:19:33'),
(149, 'door_2', NULL, NULL, 'AD6DD321', 'DENIED', 'rfid', '2026-04-27 01:19:42'),
(150, 'door_2', NULL, NULL, '8F0B7B6A', 'DENIED', 'rfid', '2026-04-27 01:20:49'),
(151, 'door_2', NULL, NULL, '8F0B7B6A', 'DENIED', 'rfid', '2026-04-27 01:21:17'),
(152, 'door_2', NULL, NULL, 'AD6DD321', 'DENIED', 'rfid', '2026-04-27 01:21:28'),
(153, 'door_2', NULL, NULL, 'AD6DD321', 'DENIED', 'rfid', '2026-04-27 01:21:28'),
(154, 'door_2', NULL, NULL, 'BD9BD421', 'DENIED', 'rfid', '2026-04-27 01:21:31'),
(155, 'door_2', NULL, NULL, 'AD629121', 'GRANTED', 'rfid', '2026-04-27 01:21:34'),
(156, 'door_2', NULL, NULL, 'AD629121', 'GRANTED', 'rfid', '2026-04-27 01:26:25'),
(157, 'door_2', NULL, NULL, 'AD629121', 'GRANTED', 'rfid', '2026-04-27 01:26:32'),
(158, 'door_2', NULL, NULL, 'AD629121', 'GRANTED', 'rfid', '2026-04-27 01:26:45'),
(159, 'door_2', NULL, NULL, 'AD629121', 'GRANTED', 'rfid', '2026-04-27 01:26:47'),
(160, 'door_2', NULL, NULL, 'AD629121', 'GRANTED', 'rfid', '2026-04-27 01:27:15'),
(161, 'door_2', NULL, NULL, 'AD629121', 'GRANTED', 'rfid', '2026-04-27 22:01:10'),
(162, 'door_2', NULL, NULL, 'AD629121', 'GRANTED', 'rfid', '2026-04-27 22:02:10'),
(163, 'door_2', NULL, NULL, 'BD9BD421', 'DENIED', 'rfid', '2026-04-27 22:02:25'),
(164, 'door_2', NULL, NULL, 'AD6DD321', 'DENIED', 'rfid', '2026-04-27 22:02:53'),
(165, 'door_2', NULL, NULL, '04250B325E6F80', 'DENIED', 'rfid', '2026-04-27 22:03:30'),
(166, 'door_2', NULL, NULL, 'AD629121', 'GRANTED', 'rfid', '2026-04-27 22:06:45'),
(167, 'door_2', NULL, NULL, 'BD9BD421', 'DENIED', 'rfid', '2026-04-27 22:14:05'),
(168, 'door_2', NULL, NULL, 'AD629121', 'GRANTED', 'rfid', '2026-04-27 22:14:09'),
(169, 'door_2', NULL, NULL, 'BD9BD421', 'DENIED', 'rfid', '2026-04-27 22:14:44'),
(170, 'door_2', NULL, NULL, 'AD629121', 'GRANTED', 'rfid', '2026-04-27 22:14:48'),
(171, 'door_2', NULL, NULL, 'AD6DD321', 'DENIED', 'rfid', '2026-04-27 22:17:57'),
(172, 'door_2', NULL, NULL, 'AD629121', 'GRANTED', 'rfid', '2026-04-27 22:18:02'),
(173, 'door_2', NULL, NULL, 'AD629121', 'GRANTED', 'rfid', '2026-04-27 22:20:37'),
(174, 'door_2', NULL, NULL, 'AD629121', 'GRANTED', 'rfid', '2026-04-27 22:21:28'),
(175, 'door_2', NULL, NULL, 'BD9BD421', 'DENIED', 'rfid', '2026-04-27 22:21:34'),
(176, 'door_2', NULL, NULL, 'BD9BD421', 'DENIED', 'rfid', '2026-04-27 22:21:52'),
(177, 'door_2', NULL, NULL, 'AD629121', 'GRANTED', 'rfid', '2026-04-27 22:21:55'),
(178, 'door_2', NULL, NULL, 'AD629121', 'GRANTED', 'rfid', '2026-04-27 22:22:11'),
(179, 'door_2', NULL, NULL, 'AD629121', 'GRANTED', 'rfid', '2026-04-29 15:18:56'),
(180, 'door_2', NULL, NULL, 'AD629121', 'GRANTED', 'rfid', '2026-04-29 15:20:48'),
(181, 'door_2', NULL, NULL, 'AD6DD321', 'DENIED', 'rfid', '2026-04-29 15:20:55'),
(182, 'door_2', NULL, NULL, 'AD629121', 'GRANTED', 'rfid', '2026-04-29 15:21:01'),
(183, 'door_2', NULL, NULL, 'AD6DD321', 'DENIED', 'rfid', '2026-04-29 15:21:07'),
(184, 'door_2', NULL, NULL, 'AD629121', 'GRANTED', 'rfid', '2026-04-29 15:21:12'),
(185, 'door_2', NULL, NULL, 'AD629121', 'GRANTED', 'rfid', '2026-04-29 15:21:19'),
(186, 'door_2', NULL, NULL, 'AD629121', 'GRANTED', 'rfid', '2026-04-29 15:21:26'),
(187, 'door_2', NULL, NULL, 'AD629121', 'GRANTED', 'rfid', '2026-04-29 15:21:33'),
(188, 'door_2', NULL, NULL, 'AD6DD321', 'DENIED', 'rfid', '2026-04-29 15:21:41'),
(189, 'door_2', NULL, NULL, 'AD6DD321', 'DENIED', 'rfid', '2026-04-29 15:21:47'),
(190, 'door_2', NULL, NULL, 'BD9BD421', 'DENIED', 'rfid', '2026-04-29 15:21:54'),
(191, 'door_2', NULL, NULL, 'AD629121', 'GRANTED', 'rfid', '2026-04-29 15:21:58'),
(192, 'door_2', NULL, NULL, 'BD9BD421', 'DENIED', 'rfid', '2026-04-29 15:32:48'),
(193, 'door_2', NULL, NULL, 'AD629121', 'GRANTED', 'rfid', '2026-04-29 15:32:53'),
(194, 'door_2', NULL, NULL, 'BD9BD421', 'DENIED', 'rfid', '2026-04-29 15:35:35'),
(195, 'door_2', NULL, NULL, 'BD9BD421', 'DENIED', 'rfid', '2026-04-29 15:46:25'),
(196, 'door_2', NULL, NULL, 'AD629121', 'GRANTED', 'rfid', '2026-04-29 15:46:29'),
(197, 'door_2', NULL, NULL, 'AD629121', 'GRANTED', 'rfid', '2026-04-29 15:46:37'),
(198, 'door_2', NULL, NULL, 'AD629121', 'GRANTED', 'rfid', '2026-04-29 16:13:18'),
(199, 'door_2', NULL, NULL, 'AD629121', 'GRANTED', 'rfid', '2026-04-29 16:15:38'),
(200, 'door_2', NULL, NULL, 'AD629121', 'GRANTED', 'rfid', '2026-04-29 16:16:18'),
(201, 'door_2', NULL, NULL, 'AD6DD321', 'DENIED', 'rfid', '2026-04-29 16:16:26'),
(202, 'door_2', NULL, NULL, 'BD9BD421', 'DENIED', 'rfid', '2026-04-29 16:43:01'),
(203, 'door_2', NULL, NULL, 'AD629121', 'GRANTED', 'rfid', '2026-04-29 16:43:09'),
(204, 'door_2', NULL, NULL, 'AD629121', 'GRANTED', 'rfid', '2026-04-29 20:01:37'),
(205, 'door_2', NULL, NULL, 'AD629121', 'GRANTED', 'rfid', '2026-04-29 20:01:56'),
(206, 'door_2', NULL, NULL, 'AD6DD321', 'DENIED', 'rfid', '2026-04-29 20:10:09'),
(207, 'door_2', NULL, NULL, 'BD9BD421', 'DENIED', 'rfid', '2026-04-29 20:10:19'),
(208, 'door_2', NULL, NULL, 'BD9BD421', 'DENIED', 'rfid', '2026-04-29 20:10:22'),
(209, 'door_2', NULL, NULL, 'AD6DD321', 'DENIED', 'rfid', '2026-04-29 20:14:55'),
(210, 'door_2', NULL, NULL, 'AD6DD321', 'DENIED', 'rfid', '2026-04-29 20:57:10'),
(211, 'door_2', NULL, NULL, 'BD9BD421', 'DENIED', 'rfid', '2026-04-29 21:00:24'),
(212, 'door_2', NULL, NULL, 'AD629121', 'GRANTED', 'rfid', '2026-04-29 21:00:26'),
(213, 'door_2', NULL, NULL, 'AD6DD321', 'DENIED', 'rfid', '2026-04-29 21:42:26'),
(214, 'door_2', NULL, NULL, 'BD9BD421', 'DENIED', 'rfid', '2026-04-29 21:42:40'),
(215, 'door_2', NULL, NULL, 'AD629121', 'DENIED', 'rfid', '2026-04-29 21:42:43'),
(216, 'door_2', NULL, NULL, 'AD6DD321', 'DENIED', 'rfid', '2026-04-29 21:43:07'),
(217, 'door_2', NULL, NULL, 'BD9BD421', 'DENIED', 'rfid', '2026-04-29 21:43:12'),
(218, 'door_2', NULL, NULL, 'AD629121', 'DENIED', 'rfid', '2026-04-29 21:43:17'),
(219, 'door_2', NULL, NULL, 'BD9BD421', 'DENIED', 'rfid', '2026-04-29 21:44:45'),
(220, 'door_2', NULL, NULL, 'AD6DD321', 'DENIED', 'rfid', '2026-04-29 21:44:46'),
(221, 'door_2', NULL, NULL, 'AD629121', 'DENIED', 'rfid', '2026-04-29 21:44:53'),
(222, 'door_2', NULL, NULL, 'AD6DD321', 'GRANTED', 'rfid', '2026-04-29 22:03:50'),
(223, 'door_2', NULL, NULL, 'BD9BD421', 'GRANTED', 'rfid', '2026-04-29 22:04:00'),
(224, 'door_2', NULL, NULL, 'AD629121', 'GRANTED', 'rfid', '2026-04-29 22:04:07'),
(225, 'door_2', NULL, NULL, 'AD6DD321', 'GRANTED', 'rfid', '2026-04-29 22:04:30'),
(226, 'door_2', NULL, NULL, '66E84306', 'DENIED', 'rfid', '2026-04-29 22:04:58'),
(227, 'door_2', NULL, NULL, 'AD6DD321', 'GRANTED', 'rfid', '2026-04-29 22:05:48'),
(228, 'door_2', NULL, NULL, 'BD9BD421', 'DENIED', 'rfid', '2026-04-29 22:05:55'),
(229, 'door_2', NULL, NULL, 'AD629121', 'GRANTED', 'rfid', '2026-04-29 22:06:02'),
(230, 'door_2', NULL, NULL, '66E84306', 'DENIED', 'rfid', '2026-04-29 22:06:08'),
(231, 'door_2', NULL, NULL, 'BD9BD421', 'DENIED', 'rfid', '2026-04-29 22:08:05'),
(232, 'door_2', NULL, NULL, 'BD9BD421', 'DENIED', 'rfid', '2026-04-29 22:08:33'),
(233, 'door_2', NULL, NULL, 'BD9BD421', 'DENIED', 'rfid', '2026-04-29 22:08:34'),
(234, 'door_2', NULL, NULL, 'BD9BD421', 'DENIED', 'rfid', '2026-04-29 22:10:45'),
(235, 'door_2', NULL, NULL, 'AD6DD321', 'GRANTED', 'rfid', '2026-04-29 22:11:04'),
(236, 'door_2', NULL, NULL, 'AD6DD321', 'GRANTED', 'rfid', '2026-04-29 22:11:57'),
(237, 'door_2', NULL, NULL, 'AD629121', 'GRANTED', 'rfid', '2026-04-29 22:12:35'),
(238, 'door_2', NULL, NULL, '66E84306', 'DENIED', 'rfid', '2026-04-29 22:13:35'),
(239, 'door_2', NULL, NULL, 'BD9BD421', 'GRANTED', 'rfid', '2026-04-29 22:14:55'),
(240, 'door_2', NULL, NULL, 'BD9BD421', 'DENIED', 'rfid', '2026-04-29 22:15:10'),
(241, 'door_2', NULL, NULL, 'AD629121', 'GRANTED', 'rfid', '2026-04-29 22:15:47'),
(242, 'door_2', NULL, NULL, 'AD629121', 'GRANTED', 'rfid', '2026-04-29 22:16:04'),
(243, 'door_2', NULL, NULL, 'AD629121', 'DENIED', 'rfid', '2026-04-29 22:16:23'),
(244, 'door_2', NULL, NULL, 'AD6DD321', 'GRANTED', 'rfid', '2026-04-29 22:17:15'),
(245, 'door_2', NULL, NULL, 'BD9BD421', 'DENIED', 'rfid', '2026-04-29 22:17:28'),
(246, 'door_2', NULL, NULL, '66E84306', 'DENIED', 'rfid', '2026-04-29 22:17:35'),
(247, 'door_2', NULL, NULL, 'AD629121', 'GRANTED', 'rfid', '2026-04-29 22:17:41'),
(248, 'door_2', NULL, NULL, 'BD9BD421', 'DENIED', 'rfid', '2026-04-29 22:22:41'),
(249, 'door_2', NULL, NULL, 'BD9BD421', 'GRANTED', 'rfid', '2026-04-29 22:22:47'),
(250, 'door_2', NULL, NULL, 'BD9BD421', 'DENIED', 'rfid', '2026-04-29 22:24:50'),
(251, 'door_2', NULL, NULL, '66E84306', 'GRANTED', 'rfid', '2026-04-29 22:32:21'),
(252, 'door_2', NULL, NULL, '66E84306', 'GRANTED', 'rfid', '2026-04-29 22:40:57'),
(253, 'door_2', NULL, NULL, 'BD9BD421', 'DENIED', 'rfid', '2026-04-29 22:41:05'),
(254, 'door_2', NULL, NULL, 'AD629121', 'GRANTED', 'rfid', '2026-04-29 22:41:11'),
(255, 'door_2', NULL, NULL, 'AD6DD321', 'GRANTED', 'rfid', '2026-04-29 22:41:17'),
(256, 'door_2', NULL, NULL, '13E824D3', 'DENIED', 'rfid', '2026-04-30 00:04:02'),
(257, 'door_2', NULL, NULL, '13E824D3', 'DENIED', 'rfid', '2026-04-30 00:05:40'),
(258, 'door_2', NULL, NULL, '13E824D3', 'DENIED', 'rfid', '2026-04-30 00:06:33'),
(259, 'door_2', NULL, NULL, '13E824D3', 'GRANTED', 'rfid', '2026-04-30 00:06:40'),
(260, 'door_2', NULL, NULL, '13E824D3', 'DENIED', 'rfid', '2026-04-30 00:06:51'),
(261, 'door_2', NULL, NULL, 'AD629121', 'GRANTED', 'rfid', '2026-04-30 12:50:01'),
(262, 'door_2', NULL, NULL, 'AD6DD321', 'GRANTED', 'rfid', '2026-04-30 12:50:10'),
(263, 'door_2', NULL, NULL, '66E84306', 'GRANTED', 'rfid', '2026-04-30 12:50:19'),
(264, 'door_2', NULL, NULL, 'BD9BD421', 'DENIED', 'rfid', '2026-04-30 12:50:28'),
(265, 'door_2', NULL, NULL, '13E824D3', 'DENIED', 'rfid', '2026-04-30 12:50:31'),
(266, 'door_2', NULL, NULL, '13E824D3', 'GRANTED', 'rfid', '2026-04-30 12:50:48'),
(267, 'door_2', 'RUANG MEETING', NULL, 'AD629121', 'GRANTED', 'rfid', '2026-04-30 16:09:08'),
(268, 'door_2', 'RUANG MEETING', 'Apip', '-', 'GRANTED', 'web', '2026-04-30 16:09:22'),
(269, 'door_2', 'RUANG MEETING', 'Apip', '-', 'GRANTED', 'web', '2026-04-30 16:09:50'),
(270, 'door_2', 'RUANG MEETING', NULL, '66E84306', 'GRANTED', 'rfid', '2026-04-30 16:10:09'),
(271, 'door_2', 'RUANG MEETING', 'Apip', '-', 'GRANTED', 'web', '2026-04-30 16:11:09'),
(272, 'door_2', 'RUANG MEETING', NULL, '66E84306', 'GRANTED', 'rfid', '2026-04-30 17:21:52'),
(273, 'door_2', 'RUANG MEETING', NULL, '66E84306', 'GRANTED', 'rfid', '2026-04-30 17:21:52'),
(274, 'door_2', 'RUANG MEETING', NULL, '66E84306', 'GRANTED', 'rfid', '2026-04-30 17:21:59'),
(275, 'door_2', 'RUANG MEETING', NULL, 'BD9BD421', 'DENIED', 'rfid', '2026-04-30 17:22:09'),
(276, 'door_2', 'RUANG MEETING', NULL, 'AD629121', 'GRANTED', 'rfid', '2026-04-30 17:23:14'),
(277, 'door_2', 'RUANG MEETING', 'Apip', '-', 'GRANTED', 'web', '2026-04-30 17:24:25'),
(278, 'door_2', 'RUANG MEETING', NULL, '13E824D3', 'DENIED', 'rfid', '2026-04-30 17:27:57'),
(279, 'door_2', 'RUANG MEETING', 'Apip', '-', 'GRANTED', 'web', '2026-04-30 18:18:55'),
(280, 'door_2', 'RUANG MEETING', 'radenganteng', '-', 'GRANTED', 'web', '2026-04-30 18:19:05'),
(281, 'door_2', 'RUANG MEETING', 'Raden', '-', 'GRANTED', 'web', '2026-04-30 18:24:01'),
(282, 'door_2', 'RUANG MEETING', 'Raden', '-', 'GRANTED', 'web', '2026-04-30 18:26:00'),
(283, 'door_2', 'RUANG MEETING', 'Azis', '-', 'GRANTED', 'web', '2026-04-30 18:26:25'),
(284, 'door_2', 'RUANG MEETING', NULL, 'AD6DD321', 'GRANTED', 'rfid', '2026-04-30 18:27:09'),
(285, 'door_2', 'RUANG MEETING', NULL, '13E824D3', 'DENIED', 'rfid', '2026-04-30 18:27:23'),
(286, 'door_2', 'RUANG MEETING', NULL, 'BD9BD421', 'DENIED', 'rfid', '2026-04-30 18:42:02'),
(287, 'door_2', 'RUANG MEETING', NULL, 'BD9BD421', 'GRANTED', 'rfid', '2026-04-30 18:42:09'),
(288, 'door_2', 'RUANG MEETING', 'Raden', '-', 'GRANTED', 'web', '2026-04-30 18:42:26'),
(289, 'door_2', 'RUANG MEETING', NULL, 'AD6DD321', 'GRANTED', 'rfid', '2026-04-30 18:44:00'),
(290, 'door_2', 'RUANG MEETING', NULL, 'AD629121', 'GRANTED', 'rfid', '2026-04-30 18:44:07'),
(291, 'door_2', 'RUANG MEETING', 'Raden', '-', 'GRANTED', 'web', '2026-04-30 18:47:20'),
(292, 'door_2', 'RUANG MEETING', 'Raden', '-', 'GRANTED', 'web', '2026-04-30 19:30:44'),
(293, 'door_2', 'RUANG MEETING', 'Raden', '-', 'GRANTED', 'web', '2026-04-30 19:31:01'),
(294, 'door_2', 'RUANG MEETING', 'admin', '-', 'GRANTED', 'web', '2026-05-01 16:44:55'),
(295, 'door_2', 'RUANG MEETING', NULL, 'BD9BD421', 'DENIED', 'rfid', '2026-05-01 17:10:54'),
(296, 'door_2', 'RUANG MEETING', 'Raden', '-', 'GRANTED', 'web', '2026-05-01 17:25:44'),
(297, 'door_2', 'RUANG MEETING', 'Apip', '-', 'GRANTED', 'web', '2026-05-01 17:34:45'),
(298, 'door_2', 'RUANG MEETING', NULL, '13E824D3', 'DENIED', 'rfid', '2026-05-01 18:42:01'),
(299, 'door_2', 'RUANG MEETING', 'Apip', '-', 'GRANTED', 'web', '2026-05-01 19:48:56'),
(300, 'door_2', 'RUANG MEETING', 'Apip', '-', 'GRANTED', 'web', '2026-05-01 19:49:21'),
(301, 'door_1', 'RUANG NOC', 'Apip', '-', 'GRANTED', 'web', '2026-05-01 20:20:11'),
(302, 'door_2', 'RUANG MEETING', NULL, 'AD629121', 'GRANTED', 'rfid', '2026-05-01 20:20:25'),
(303, 'door_1', 'RUANG NOC', NULL, 'AD629121', 'DENIED', 'rfid', '2026-05-01 20:20:28'),
(304, 'door_1', 'RUANG NOC', NULL, 'AD629121', 'DENIED', 'rfid', '2026-05-01 20:20:30'),
(305, 'door_2', 'RUANG MEETING', NULL, 'AD6DD321', 'GRANTED', 'rfid', '2026-05-01 20:20:46'),
(306, 'door_1', 'RUANG NOC', NULL, 'AD6DD321', 'GRANTED', 'rfid', '2026-05-01 20:20:48'),
(307, 'door_1', 'RUANG NOC', NULL, '66E84306', 'DENIED', 'rfid', '2026-05-01 20:21:09'),
(308, 'door_2', 'RUANG MEETING', NULL, '66E84306', 'GRANTED', 'rfid', '2026-05-01 20:21:12'),
(309, 'door_1', 'RUANG NOC', 'Apip', '-', 'GRANTED', 'web', '2026-05-01 20:21:23'),
(310, 'door_2', 'RUANG MEETING', 'Apip', '-', 'GRANTED', 'web', '2026-05-01 20:21:26'),
(311, 'door_1', 'RUANG NOC', NULL, '13E824D3', 'GRANTED', 'rfid', '2026-05-01 20:23:27'),
(312, 'door_2', 'RUANG MEETING', NULL, '13E824D3', 'DENIED', 'rfid', '2026-05-01 20:23:35'),
(313, 'door_1', 'RUANG NOC', NULL, 'AD629121', 'DENIED', 'rfid', '2026-05-01 20:23:46'),
(314, 'door_1', 'RUANG NOC', NULL, 'AD629121', 'GRANTED', 'rfid', '2026-05-01 20:23:56'),
(315, 'door_1', 'RUANG NOC', NULL, 'AD629121', 'GRANTED', 'rfid', '2026-05-01 20:24:05'),
(316, 'door_1', 'RUANG NOC', NULL, 'AD629121', 'DENIED', 'rfid', '2026-05-01 20:24:14'),
(317, 'door_2', 'RUANG MEETING', NULL, 'AD629121', 'GRANTED', 'rfid', '2026-05-01 20:46:31'),
(318, 'door_2', 'RUANG MEETING', 'Apip', '-', 'GRANTED', 'web', '2026-05-01 21:52:34'),
(319, 'door_2', 'RUANG MEETING', NULL, 'AD6DD321', 'GRANTED', 'rfid', '2026-05-01 21:52:43'),
(320, 'door_2', 'RUANG MEETING', NULL, 'BD9BD421', 'DENIED', 'rfid', '2026-05-01 21:53:07'),
(321, 'door_2', 'RUANG MEETING', NULL, 'AD629121', 'GRANTED', 'rfid', '2026-05-01 21:59:16'),
(322, 'door_2', 'RUANG MEETING', NULL, 'BD9BD421', 'DENIED', 'rfid', '2026-05-01 21:59:16'),
(323, 'door_2', 'RUANG MEETING', NULL, '66E84306', 'DENIED', 'rfid', '2026-05-01 21:59:16'),
(324, 'door_2', 'RUANG MEETING', NULL, 'AD629121', 'GRANTED', 'rfid', '2026-05-01 21:59:16'),
(325, 'door_2', 'RUANG MEETING', NULL, 'AD629121', 'GRANTED', 'rfid', '2026-05-01 21:59:16'),
(326, 'door_2', 'RUANG MEETING', NULL, '66E84306', 'DENIED', 'rfid', '2026-05-01 21:59:16'),
(327, 'door_2', 'RUANG MEETING', NULL, 'AD629121', 'GRANTED', 'rfid', '2026-05-01 21:59:16'),
(328, 'door_2', 'RUANG MEETING', NULL, 'AD6DD321', 'DENIED', 'rfid', '2026-05-01 21:59:16'),
(329, 'door_2', 'RUANG MEETING', NULL, 'AD629121', 'GRANTED', 'rfid', '2026-05-01 21:59:16'),
(330, 'door_2', 'RUANG MEETING', NULL, '66E84306', 'DENIED', 'rfid', '2026-05-01 21:59:16'),
(331, 'door_2', 'RUANG MEETING', NULL, '13E824D3', 'DENIED', 'rfid', '2026-05-01 21:59:41'),
(332, 'door_2', 'RUANG MEETING', NULL, 'AD629121', 'GRANTED', 'rfid', '2026-05-01 21:59:49'),
(333, 'door_2', 'RUANG MEETING', NULL, 'AD6DD321', 'GRANTED', 'rfid', '2026-05-01 21:59:56'),
(334, 'door_2', 'RUANG MEETING', NULL, '66E84306', 'GRANTED', 'rfid', '2026-05-01 22:00:33'),
(335, 'door_2', 'RUANG MEETING', NULL, 'AD6DD321', 'GRANTED', 'rfid', '2026-05-01 22:10:04'),
(336, 'door_2', 'RUANG MEETING', NULL, 'AD6DD321', 'GRANTED', 'rfid', '2026-05-01 22:10:06'),
(337, 'door_2', 'RUANG MEETING', NULL, 'AD6DD321', 'GRANTED', 'rfid', '2026-05-01 22:10:06'),
(338, 'door_2', 'RUANG MEETING', NULL, '66E84306', 'GRANTED', 'rfid', '2026-05-01 22:10:06'),
(339, 'door_2', 'RUANG MEETING', NULL, 'AD629121', 'GRANTED', 'rfid', '2026-05-01 22:10:06'),
(340, 'door_2', 'RUANG MEETING', NULL, '13E824D3', 'DENIED', 'rfid', '2026-05-01 22:10:06'),
(341, 'door_2', 'RUANG MEETING', NULL, 'BD9BD421', 'DENIED', 'rfid', '2026-05-01 22:10:06'),
(342, 'door_2', 'RUANG MEETING', NULL, 'AD629121', 'GRANTED', 'rfid', '2026-05-01 22:10:06'),
(343, 'door_2', 'RUANG MEETING', 'Apip', '-', 'GRANTED', 'web', '2026-05-01 22:11:00'),
(344, 'door_2', 'RUANG MEETING', NULL, '66E84306', 'GRANTED', 'rfid', '2026-05-01 22:11:15'),
(345, 'door_2', 'RUANG MEETING', NULL, 'AD629121', 'GRANTED', 'rfid', '2026-05-01 22:11:23'),
(346, 'door_2', 'RUANG MEETING', NULL, 'AD6DD321', 'GRANTED', 'rfid', '2026-05-01 22:11:30'),
(347, 'door_2', 'RUANG MEETING', NULL, 'AD6DD321', 'GRANTED', 'rfid', '2026-05-01 22:24:40'),
(348, 'door_2', 'RUANG MEETING', 'Apip', '-', 'GRANTED', 'web', '2026-05-01 23:34:52'),
(349, 'door_2', 'RUANG MEETING', NULL, 'AD6DD321', 'GRANTED', 'rfid', '2026-05-01 23:35:46'),
(350, 'door_2', 'RUANG MEETING', NULL, 'BD9BD421', 'DENIED', 'rfid', '2026-05-01 23:42:53'),
(351, 'door_2', 'RUANG MEETING', NULL, 'AD629121', 'GRANTED', 'rfid', '2026-05-01 23:42:57'),
(352, 'door_2', 'RUANG MEETING', NULL, 'BD9BD421', 'DENIED', 'rfid', '2026-05-02 15:24:41'),
(353, 'door_2', 'RUANG MEETING', NULL, 'BD9BD421', 'GRANTED', 'rfid', '2026-05-02 15:25:24'),
(354, 'door_2', 'RUANG MEETING', NULL, 'BD9BD421', 'GRANTED', 'rfid', '2026-05-02 15:25:37'),
(355, 'door_2', 'RUANG MEETING', 'Apip', '-', 'GRANTED', 'web', '2026-05-02 15:28:26'),
(356, 'door_2', 'RUANG MEETING', NULL, '13E824D3', 'DENIED', 'rfid', '2026-05-02 15:29:29'),
(357, 'door_2', 'RUANG MEETING', 'Apip', '-', 'GRANTED', 'web', '2026-05-02 20:13:00'),
(358, 'door_2', 'RUANG MEETING', 'Azis', '-', 'GRANTED', 'web', '2026-05-02 20:18:45'),
(359, 'door_2', 'RUANG MEETING', NULL, 'BD9BD421', 'GRANTED', 'rfid', '2026-05-02 21:26:48'),
(360, 'door_2', 'RUANG MEETING', NULL, '66E84306', 'GRANTED', 'rfid', '2026-05-02 21:29:32'),
(361, 'door_2', 'RUANG MEETING', NULL, '66E84306', 'GRANTED', 'rfid', '2026-05-02 21:30:32'),
(362, 'door_2', 'RUANG MEETING', NULL, '13E824D3', 'DENIED', 'rfid', '2026-05-02 21:30:32'),
(363, 'door_2', 'RUANG MEETING', NULL, 'AD629121', 'GRANTED', 'rfid', '2026-05-02 21:30:32'),
(364, 'door_2', 'RUANG MEETING', NULL, 'AD6DD321', 'GRANTED', 'rfid', '2026-05-02 21:30:32'),
(365, 'door_2', 'RUANG MEETING', NULL, 'BD9BD421', 'DENIED', 'rfid', '2026-05-02 21:30:32'),
(366, 'door_2', 'RUANG MEETING', NULL, '13E824D3', 'DENIED', 'rfid', '2026-05-02 21:30:32'),
(367, 'door_2', 'RUANG MEETING', NULL, '66E84306', 'GRANTED', 'rfid', '2026-05-02 21:30:32'),
(368, 'door_2', 'RUANG MEETING', NULL, 'AD629121', 'GRANTED', 'rfid', '2026-05-02 21:30:32'),
(369, 'door_2', 'RUANG MEETING', NULL, 'AD629121', 'GRANTED', 'rfid', '2026-05-02 21:30:32'),
(370, 'door_2', 'RUANG MEETING', NULL, 'AD629121', 'GRANTED', 'rfid', '2026-05-02 21:30:32'),
(371, 'door_2', 'RUANG MEETING', NULL, 'AD629121', 'GRANTED', 'rfid', '2026-05-02 21:38:16'),
(372, 'door_2', 'RUANG MEETING', NULL, 'BD9BD421', 'GRANTED', 'rfid', '2026-05-02 21:38:23'),
(373, 'door_2', 'RUANG MEETING', NULL, '66E84306', 'GRANTED', 'rfid', '2026-05-02 21:38:29'),
(374, 'door_2', 'RUANG MEETING', NULL, '13E824D3', 'DENIED', 'rfid', '2026-05-02 21:38:36'),
(375, 'door_2', 'RUANG MEETING', NULL, 'AD6DD321', 'GRANTED', 'rfid', '2026-05-02 21:38:40'),
(376, 'door_2', 'RUANG MEETING', NULL, 'AD6DD321', 'GRANTED', 'rfid', '2026-05-02 21:38:53'),
(377, 'door_2', 'RUANG MEETING', NULL, 'BD9BD421', 'DENIED', 'rfid', '2026-05-02 21:39:00'),
(378, 'door_2', 'RUANG MEETING', NULL, '13E824D3', 'DENIED', 'rfid', '2026-05-02 21:39:04'),
(379, 'door_2', 'RUANG MEETING', NULL, 'AD6DD321', 'GRANTED', 'rfid', '2026-05-02 21:39:22'),
(380, 'door_2', 'RUANG MEETING', NULL, '66E84306', 'GRANTED', 'rfid', '2026-05-02 21:39:28'),
(381, 'door_2', 'RUANG MEETING', NULL, '66E84306', 'GRANTED', 'rfid', '2026-05-02 21:42:15'),
(382, 'door_2', 'RUANG MEETING', NULL, 'AD6DD321', 'GRANTED', 'rfid', '2026-05-02 21:42:15'),
(383, 'door_2', 'RUANG MEETING', NULL, 'AD629121', 'GRANTED', 'rfid', '2026-05-02 21:42:15'),
(384, 'door_2', 'RUANG MEETING', 'Raden', '-', 'GRANTED', 'web', '2026-05-02 22:03:13'),
(385, 'door_2', 'RUANG MEETING', NULL, '66E84306', 'GRANTED', 'rfid', '2026-05-02 22:03:35'),
(386, 'door_2', 'RUANG MEETING', NULL, 'AD6DD321', 'GRANTED', 'rfid', '2026-05-02 22:03:42'),
(387, 'door_2', 'RUANG MEETING', NULL, 'AD629121', 'GRANTED', 'rfid', '2026-05-02 22:03:48'),
(388, 'door_2', 'RUANG MEETING', NULL, '66E84306', 'DENIED', 'rfid', '2026-05-02 22:09:37'),
(389, 'door_2', 'RUANG MEETING', NULL, 'AD629121', 'GRANTED', 'rfid', '2026-05-02 22:09:37'),
(390, 'door_2', 'RUANG MEETING', NULL, 'AD629121', 'GRANTED', 'rfid', '2026-05-02 22:09:37'),
(391, 'door_2', 'RUANG MEETING', NULL, 'BD9BD421', 'DENIED', 'rfid', '2026-05-02 22:09:37'),
(392, 'door_2', 'RUANG MEETING', NULL, 'AD6DD321', 'DENIED', 'rfid', '2026-05-02 22:09:37'),
(393, 'door_2', 'RUANG MEETING', NULL, 'BD9BD421', 'DENIED', 'rfid', '2026-05-02 22:09:37'),
(394, 'door_2', 'RUANG MEETING', NULL, 'AD6DD321', 'DENIED', 'rfid', '2026-05-02 22:09:37'),
(395, 'door_2', 'RUANG MEETING', NULL, 'AD629121', 'GRANTED', 'rfid', '2026-05-02 22:09:37'),
(396, 'door_2', 'RUANG MEETING', NULL, 'AD6DD321', 'DENIED', 'rfid', '2026-05-02 22:09:37'),
(397, 'door_2', 'RUANG MEETING', NULL, 'AD629121', 'GRANTED', 'rfid', '2026-05-02 22:09:37'),
(398, 'door_2', 'RUANG MEETING', NULL, '66E84306', 'GRANTED', 'rfid', '2026-05-02 22:10:01'),
(399, 'door_2', 'RUANG MEETING', NULL, 'AD629121', 'GRANTED', 'rfid', '2026-05-02 22:10:07'),
(400, 'door_2', 'RUANG MEETING', NULL, 'AD6DD321', 'GRANTED', 'rfid', '2026-05-02 22:10:14'),
(401, 'door_2', 'RUANG MEETING', NULL, 'BD9BD421', 'DENIED', 'rfid', '2026-05-02 22:10:19'),
(402, 'door_2', 'RUANG MEETING', NULL, 'AD629121', 'GRANTED', 'rfid', '2026-05-02 23:06:16'),
(403, 'door_2', 'RUANG MEETING', NULL, 'AD6DD321', 'GRANTED', 'rfid', '2026-05-02 23:06:22'),
(404, 'door_2', 'RUANG MEETING', NULL, '66E84306', 'GRANTED', 'rfid', '2026-05-02 23:06:28'),
(405, 'door_2', 'RUANG MEETING', NULL, 'BD9BD421', 'DENIED', 'rfid', '2026-05-02 23:09:13'),
(406, 'door_2', 'RUANG MEETING', NULL, 'AD6DD321', 'DENIED', 'rfid', '2026-05-02 23:09:13'),
(407, 'door_2', 'RUANG MEETING', NULL, 'AD629121', 'DENIED', 'rfid', '2026-05-02 23:09:13'),
(408, 'door_2', 'RUANG MEETING', NULL, '66E84306', 'DENIED', 'rfid', '2026-05-02 23:09:13'),
(409, 'door_2', 'RUANG MEETING', NULL, 'AD629121', 'DENIED', 'rfid', '2026-05-02 23:09:13'),
(410, 'door_2', 'RUANG MEETING', NULL, '66E84306', 'DENIED', 'rfid', '2026-05-02 23:09:13'),
(411, 'door_2', 'RUANG MEETING', NULL, 'AD6DD321', 'DENIED', 'rfid', '2026-05-02 23:09:13'),
(412, 'door_2', 'RUANG MEETING', NULL, 'AD6DD321', 'GRANTED', 'rfid', '2026-05-02 23:09:18'),
(413, 'door_2', 'RUANG MEETING', NULL, '66E84306', 'GRANTED', 'rfid', '2026-05-02 23:09:25'),
(414, 'door_2', 'RUANG MEETING', 'Apip', '-', 'GRANTED', 'web', '2026-05-03 11:03:25'),
(415, 'door_2', 'RUANG MEETING', 'Apip', '-', 'GRANTED', 'web', '2026-05-03 11:03:33'),
(416, 'door_2', 'RUANG MEETING', 'Apip', '-', 'GRANTED', 'web', '2026-05-03 11:03:43'),
(417, 'door_2', 'RUANG MEETING', 'Apip', '-', 'GRANTED', 'web', '2026-05-03 11:03:49'),
(418, 'door_2', 'RUANG MEETING', NULL, 'BD9BD421', 'DENIED', 'rfid', '2026-05-03 11:04:25'),
(419, 'door_2', 'RUANG MEETING', NULL, 'AD629121', 'GRANTED', 'rfid', '2026-05-03 11:04:40'),
(420, 'door_2', 'RUANG MEETING', NULL, 'AD6DD321', 'GRANTED', 'rfid', '2026-05-03 11:04:47'),
(421, 'door_2', 'RUANG MEETING', NULL, 'AD6DD321', 'GRANTED', 'rfid', '2026-05-03 11:04:56'),
(422, 'door_2', 'RUANG MEETING', NULL, 'AD629121', 'GRANTED', 'rfid', '2026-05-03 11:05:32'),
(423, 'door_2', 'RUANG MEETING', NULL, '13E824D3', 'DENIED', 'rfid', '2026-05-03 11:05:40'),
(424, 'door_2', 'RUANG MEETING', NULL, '66E84306', 'GRANTED', 'rfid', '2026-05-03 11:05:48'),
(425, 'door_2', 'RUANG MEETING', NULL, '13E824D3', 'DENIED', 'rfid', '2026-05-03 11:05:54'),
(426, 'door_2', 'RUANG MEETING', NULL, '13E824D3', 'DENIED', 'rfid', '2026-05-03 11:06:02'),
(427, 'door_2', 'RUANG MEETING', 'Apip', '-', 'GRANTED', 'web', '2026-05-03 11:06:46'),
(428, 'door_2', 'RUANG MEETING', NULL, 'AD629121', 'GRANTED', 'rfid', '2026-05-03 11:18:10'),
(429, 'door_2', 'RUANG MEETING', 'Apip', '-', 'GRANTED', 'web', '2026-05-03 11:18:28'),
(430, 'door_2', 'RUANG MEETING', 'Apip', '-', 'GRANTED', 'web', '2026-05-03 11:18:45'),
(431, 'door_2', 'RUANG MEETING', NULL, '13E824D3', 'DENIED', 'rfid', '2026-05-03 11:18:57'),
(432, 'door_2', 'RUANG MEETING', NULL, 'AD629121', 'GRANTED', 'rfid', '2026-05-03 11:19:08'),
(433, 'door_2', 'RUANG MEETING', NULL, 'AD6DD321', 'GRANTED', 'rfid', '2026-05-03 11:30:59'),
(434, 'door_2', 'RUANG MEETING', 'Apip', '-', 'GRANTED', 'web', '2026-05-03 11:35:31'),
(435, 'door_2', 'RUANG MEETING', 'Apip', '-', 'GRANTED', 'web', '2026-05-03 11:46:07'),
(436, 'door_2', 'RUANG MEETING', 'Apip', '-', 'GRANTED', 'web', '2026-05-03 11:51:06'),
(437, 'door_2', 'RUANG MEETING', 'Apip', '-', 'GRANTED', 'web', '2026-05-03 12:36:54'),
(438, 'door_2', 'RUANG MEETING', 'Apip', '-', 'GRANTED', 'web', '2026-05-03 13:16:27'),
(439, 'door_2', 'RUANG MEETING', 'Apip', '-', 'GRANTED', 'web', '2026-05-03 13:17:18'),
(440, 'door_2', 'RUANG MEETING', 'Apip', '-', 'GRANTED', 'web', '2026-05-03 13:17:57'),
(441, 'door_2', 'RUANG MEETING', 'Apip', '-', 'GRANTED', 'web', '2026-05-03 13:18:13'),
(442, 'door_2', 'RUANG MEETING', 'Apip', '-', 'GRANTED', 'web', '2026-05-03 13:19:21'),
(443, 'door_2', 'RUANG MEETING', 'Apip', '-', 'GRANTED', 'web', '2026-05-03 13:32:06'),
(444, 'door_2', 'RUANG MEETING', 'Apip', '-', 'GRANTED', 'web', '2026-05-03 13:32:33'),
(445, 'door_2', 'RUANG MEETING', 'Apip', '-', 'GRANTED', 'web', '2026-05-03 13:33:16'),
(446, 'door_2', 'RUANG MEETING', 'Apip', '-', 'GRANTED', 'web', '2026-05-03 13:35:11'),
(447, 'door_2', 'RUANG MEETING', 'Apip', '-', 'GRANTED', 'web', '2026-05-03 13:35:32'),
(448, 'door_2', 'RUANG MEETING', NULL, 'AD6DD321', 'GRANTED', 'rfid', '2026-05-03 13:36:03'),
(449, 'door_2', 'RUANG MEETING', NULL, 'BD9BD421', 'DENIED', 'rfid', '2026-05-03 13:36:11'),
(450, 'door_2', 'RUANG MEETING', 'Apip', '-', 'GRANTED', 'web', '2026-05-03 13:42:53'),
(451, 'door_2', 'RUANG MEETING', 'Apip', '-', 'GRANTED', 'web', '2026-05-03 13:51:53'),
(452, 'door_2', 'RUANG MEETING', 'Apip', '-', 'GRANTED', 'web', '2026-05-03 13:52:34'),
(453, 'door_2', 'RUANG MEETING', 'Apip', '-', 'GRANTED', 'web', '2026-05-03 14:16:43'),
(454, 'door_2', 'RUANG MEETING', 'Apip', '-', 'GRANTED', 'web', '2026-05-03 14:20:20'),
(455, 'door_2', 'RUANG MEETING', 'Apip', '-', 'GRANTED', 'web', '2026-05-03 14:39:26'),
(456, 'door_2', 'RUANG MEETING', 'Apip', '-', 'GRANTED', 'web', '2026-05-03 15:08:01'),
(457, 'door_2', 'RUANG MEETING', NULL, 'BD9BD421', 'DENIED', 'rfid', '2026-05-03 15:08:16'),
(458, 'door_2', 'RUANG MEETING', NULL, 'BD9BD421', 'GRANTED', 'rfid', '2026-05-03 15:08:33'),
(459, 'door_2', 'RUANG MEETING', 'Apip', '-', 'GRANTED', 'web', '2026-05-03 15:52:51'),
(460, 'door_2', 'RUANG MEETING', 'Apip', '-', 'GRANTED', 'web', '2026-05-03 16:12:39'),
(461, 'door_2', 'RUANG MEETING', 'Apip', '-', 'GRANTED', 'web', '2026-05-03 17:44:53'),
(462, 'door_2', 'RUANG MEETING', 'Apip', '-', 'GRANTED', 'web', '2026-05-03 17:45:10'),
(463, 'door_2', 'RUANG MEETING', 'Apip', '-', 'GRANTED', 'web', '2026-05-03 17:51:25'),
(464, 'door_2', 'RUANG MEETING', 'Apip', '-', 'GRANTED', 'web', '2026-05-03 18:00:54'),
(465, 'door_2', 'RUANG MEETING', 'Apip', '-', 'GRANTED', 'web', '2026-05-03 18:35:58'),
(466, 'door_2', 'RUANG MEETING', 'Apip', '-', 'GRANTED', 'web', '2026-05-03 18:43:42'),
(467, 'door_2', 'RUANG MEETING', NULL, 'AD629121', 'GRANTED', 'rfid', '2026-05-03 18:50:38'),
(468, 'door_2', 'RUANG MEETING', NULL, 'AD6DD321', 'GRANTED', 'rfid', '2026-05-03 18:50:47'),
(469, 'door_2', 'RUANG MEETING', NULL, 'BD9BD421', 'DENIED', 'rfid', '2026-05-03 18:50:53'),
(470, 'door_2', 'RUANG MEETING', 'Raden', '-', 'GRANTED', 'web', '2026-05-03 19:09:19'),
(471, 'door_2', 'RUANG MEETING', 'Raden', '-', 'GRANTED', 'web', '2026-05-03 19:09:26'),
(472, 'door_2', 'RUANG MEETING', 'Raden', '-', 'GRANTED', 'web', '2026-05-03 19:09:57'),
(473, 'door_2', 'RUANG MEETING', 'Raden', '-', 'GRANTED', 'web', '2026-05-03 19:10:03'),
(474, 'door_2', 'RUANG MEETING', 'Raden', '-', 'GRANTED', 'web', '2026-05-03 19:29:18'),
(475, 'door_2', 'RUANG MEETING', 'Raden', '-', 'GRANTED', 'web', '2026-05-03 19:29:40'),
(476, 'door_2', 'RUANG MEETING', NULL, 'AD6DD321', 'GRANTED', 'rfid', '2026-05-03 19:33:02'),
(477, 'door_2', 'RUANG MEETING', NULL, '13E824D3', 'DENIED', 'rfid', '2026-05-03 19:33:12'),
(478, 'door_2', 'RUANG MEETING', 'Raden', '-', 'GRANTED', 'web', '2026-05-03 19:46:59'),
(479, 'door_2', 'RUANG MEETING', NULL, 'AD6DD321', 'GRANTED', 'rfid', '2026-05-03 19:48:28'),
(480, 'door_2', 'RUANG MEETING', NULL, '13E824D3', 'DENIED', 'rfid', '2026-05-03 19:48:47'),
(481, 'door_2', 'RUANG MEETING', 'Raden', '-', 'GRANTED', 'web', '2026-05-03 19:49:26'),
(482, 'door_2', 'RUANG MEETING', 'admin', '-', 'GRANTED', 'web', '2026-05-03 19:52:07'),
(483, 'door_2', 'RUANG MEETING', 'admin', '-', 'GRANTED', 'web', '2026-05-03 19:52:20'),
(484, 'door_2', 'RUANG MEETING', NULL, 'AD629121', 'GRANTED', 'rfid', '2026-05-03 19:53:11'),
(485, 'door_2', 'RUANG MEETING', NULL, '13E824D3', 'DENIED', 'rfid', '2026-05-03 19:53:26'),
(486, 'door_2', 'RUANG MEETING', 'Raden', '-', 'GRANTED', 'web', '2026-05-03 19:53:33'),
(487, 'door_2', 'RUANG MEETING', 'Raden', '-', 'GRANTED', 'web', '2026-05-03 19:53:40'),
(488, 'door_2', 'RUANG MEETING', 'Raden', '-', 'GRANTED', 'web', '2026-05-03 20:10:45'),
(489, 'door_2', 'RUANG MEETING', 'Raden', '-', 'GRANTED', 'web', '2026-05-03 20:11:10'),
(490, 'door_2', 'RUANG MEETING', 'Raden', '-', 'GRANTED', 'web', '2026-05-03 20:11:18'),
(491, 'door_2', 'RUANG MEETING', 'Raden', '-', 'GRANTED', 'web', '2026-05-03 20:15:07'),
(492, 'door_2', 'RUANG MEETING', NULL, 'AD629121', 'GRANTED', 'rfid', '2026-05-03 20:15:15'),
(493, 'door_2', 'RUANG MEETING', NULL, '13E824D3', 'DENIED', 'rfid', '2026-05-03 20:15:23'),
(494, 'door_2', 'RUANG MEETING', 'admin', '-', 'GRANTED', 'web', '2026-05-03 20:18:46'),
(495, 'door_2', 'RUANG MEETING', 'Raden', '-', 'GRANTED', 'web', '2026-05-03 21:04:43'),
(496, 'door_2', 'RUANG MEETING', 'Raden', '-', 'GRANTED', 'web', '2026-05-03 21:44:01'),
(497, 'door_2', 'RUANG MEETING', 'Raden', '-', 'GRANTED', 'web', '2026-05-03 22:34:26'),
(498, 'door_2', 'RUANG MEETING', 'Raden', '-', 'GRANTED', 'web', '2026-05-03 22:36:47'),
(499, 'door_2', 'RUANG MEETING', 'Raden', '-', 'GRANTED', 'web', '2026-05-04 12:29:48'),
(500, 'door_2', 'RUANG MEETING', 'Raden', '-', 'GRANTED', 'web', '2026-05-04 12:30:00'),
(501, 'door_2', 'RUANG MEETING', 'Apip', '-', 'GRANTED', 'web', '2026-05-04 15:14:58'),
(502, 'door_2', 'RUANG MEETING', 'Apip', '-', 'GRANTED', 'web', '2026-05-04 17:35:34'),
(503, 'door_2', 'RUANG MEETING', 'Apip', '-', 'GRANTED', 'web', '2026-05-04 17:41:46'),
(504, 'door_2', 'RUANG MEETING', 'Apip', '-', 'GRANTED', 'web', '2026-05-04 17:41:58'),
(505, 'door_2', 'RUANG MEETING', 'Apip', '-', 'GRANTED', 'web', '2026-05-04 18:04:05'),
(506, 'door_2', 'RUANG MEETING', NULL, '058F47225BD100', 'DENIED', 'rfid', '2026-05-04 21:01:50'),
(507, 'door_2', 'RUANG MEETING', NULL, '058F47225BD100', 'DENIED', 'rfid', '2026-05-04 21:01:50'),
(508, 'door_2', 'RUANG MEETING', NULL, '058F47225BD100', 'DENIED', 'rfid', '2026-05-04 21:01:51'),
(509, 'door_2', 'RUANG MEETING', NULL, '058F47225BD100', 'DENIED', 'rfid', '2026-05-04 21:01:52'),
(510, 'door_2', 'RUANG MEETING', NULL, '058F47225BD100', 'DENIED', 'rfid', '2026-05-04 21:01:53'),
(511, 'door_2', 'RUANG MEETING', NULL, '058F47225BD100', 'DENIED', 'rfid', '2026-05-04 21:01:53'),
(512, 'door_2', 'RUANG MEETING', NULL, '66E84306', 'DENIED', 'rfid', '2026-05-04 21:01:53'),
(513, 'door_2', 'RUANG MEETING', NULL, '66E84306', 'DENIED', 'rfid', '2026-05-04 21:01:53'),
(514, 'door_2', 'RUANG MEETING', NULL, 'AD629121', 'DENIED', 'rfid', '2026-05-04 21:01:53'),
(515, 'door_2', 'RUANG MEETING', NULL, 'AD629121', 'DENIED', 'rfid', '2026-05-04 21:01:53'),
(516, 'door_2', 'RUANG MEETING', 'Apip', '-', 'GRANTED', 'web', '2026-05-04 21:02:20'),
(517, 'door_2', 'RUANG MEETING', NULL, '058F47225BD100', 'DENIED', 'rfid', '2026-05-04 21:03:16'),
(518, 'door_2', 'RUANG MEETING', NULL, '04CE3382B91190', 'DENIED', 'rfid', '2026-05-04 21:03:58'),
(519, 'door_2', 'RUANG MEETING', NULL, '04CE3382B91190', 'DENIED', 'rfid', '2026-05-04 21:03:58'),
(520, 'door_2', 'RUANG MEETING', NULL, '04CE3382B91190', 'DENIED', 'rfid', '2026-05-04 21:04:19'),
(521, 'door_2', 'RUANG MEETING', NULL, '058A3906', 'DENIED', 'rfid', '2026-05-04 21:08:34'),
(522, 'door_2', 'RUANG MEETING', NULL, '058A3906', 'DENIED', 'rfid', '2026-05-04 21:11:25'),
(523, 'door_2', 'RUANG MEETING', NULL, '058A3906', 'GRANTED', 'rfid', '2026-05-04 21:11:39'),
(524, 'door_2', 'RUANG MEETING', 'Ojan Kocak', '-', 'GRANTED', 'web', '2026-05-04 21:12:12'),
(525, 'door_2', 'RUANG MEETING', NULL, '058A3906', 'GRANTED', 'rfid', '2026-05-04 21:13:46'),
(526, 'door_2', 'RUANG MEETING', NULL, '058A3906', 'DENIED', 'rfid', '2026-05-04 21:13:59'),
(527, 'door_2', 'RUANG MEETING', NULL, '058A3906', 'DENIED', 'rfid', '2026-05-04 21:15:55'),
(528, 'door_2', 'RUANG MEETING', NULL, '66E84306', 'DENIED', 'rfid', '2026-05-04 21:15:55'),
(529, 'door_2', 'RUANG MEETING', NULL, 'AD629121', 'DENIED', 'rfid', '2026-05-04 21:15:55'),
(530, 'door_2', 'RUANG MEETING', NULL, 'BD9BD421', 'DENIED', 'rfid', '2026-05-04 21:15:55'),
(531, 'door_2', 'RUANG MEETING', NULL, '13E824D3', 'DENIED', 'rfid', '2026-05-04 21:15:55'),
(532, 'door_2', 'RUANG MEETING', NULL, 'AD629121', 'GRANTED', 'rfid', '2026-05-04 21:16:19'),
(533, 'door_2', 'RUANG MEETING', NULL, 'AD6DD321', 'GRANTED', 'rfid', '2026-05-04 21:18:56'),
(534, 'door_2', 'RUANG MEETING', NULL, 'BD9BD421', 'DENIED', 'rfid', '2026-05-04 21:18:56'),
(535, 'door_2', 'RUANG MEETING', NULL, 'AD6DD321', 'GRANTED', 'rfid', '2026-05-04 21:18:56'),
(536, 'door_2', 'RUANG MEETING', NULL, 'BD9BD421', 'DENIED', 'rfid', '2026-05-04 21:18:56'),
(537, 'door_2', 'RUANG MEETING', NULL, 'BD9BD421', 'DENIED', 'rfid', '2026-05-04 21:18:56'),
(538, 'door_2', 'RUANG MEETING', NULL, 'AD6DD321', 'GRANTED', 'rfid', '2026-05-04 21:18:56'),
(539, 'door_2', 'RUANG MEETING', NULL, 'BD9BD421', 'DENIED', 'rfid', '2026-05-04 21:18:56'),
(540, 'door_2', 'RUANG MEETING', NULL, 'AD6DD321', 'GRANTED', 'rfid', '2026-05-04 21:18:57'),
(541, 'door_2', 'RUANG MEETING', NULL, 'AD6DD321', 'GRANTED', 'rfid', '2026-05-04 21:18:57'),
(542, 'door_2', 'RUANG MEETING', NULL, 'AD629121', 'GRANTED', 'rfid', '2026-05-04 21:18:57'),
(543, 'door_2', 'RUANG MEETING', NULL, '66E84306', 'GRANTED', 'rfid', '2026-05-04 21:19:14'),
(544, 'door_2', 'RUANG MEETING', NULL, 'AD6DD321', 'GRANTED', 'rfid', '2026-05-04 21:19:15'),
(545, 'door_2', 'RUANG MEETING', NULL, '66E84306', 'GRANTED', 'rfid', '2026-05-04 21:19:15'),
(546, 'door_2', 'RUANG MEETING', NULL, '66E84306', 'GRANTED', 'rfid', '2026-05-04 21:20:32'),
(547, 'door_2', 'RUANG MEETING', NULL, '66E84306', 'GRANTED', 'rfid', '2026-05-04 21:20:50'),
(548, 'door_2', 'RUANG MEETING', NULL, '66E84306', 'GRANTED', 'rfid', '2026-05-04 21:21:05'),
(549, 'door_2', 'RUANG MEETING', NULL, 'AD6DD321', 'GRANTED', 'rfid', '2026-05-04 21:21:06'),
(550, 'door_2', 'RUANG MEETING', NULL, '66E84306', 'GRANTED', 'rfid', '2026-05-04 21:21:19'),
(551, 'door_2', 'RUANG MEETING', NULL, '66E84306', 'GRANTED', 'rfid', '2026-05-04 21:21:29'),
(552, 'door_2', 'RUANG MEETING', NULL, '66E84306', 'GRANTED', 'rfid', '2026-05-04 21:21:40'),
(553, 'door_2', 'RUANG MEETING', NULL, 'AD629121', 'GRANTED', 'rfid', '2026-05-04 21:21:51'),
(554, 'door_2', 'RUANG MEETING', NULL, 'AD6DD321', 'GRANTED', 'rfid', '2026-05-04 21:21:51'),
(555, 'door_2', 'RUANG MEETING', NULL, 'AD6DD321', 'GRANTED', 'rfid', '2026-05-04 21:21:59'),
(556, 'door_2', 'RUANG MEETING', NULL, 'AD629121', 'GRANTED', 'rfid', '2026-05-04 21:22:05'),
(557, 'door_2', 'RUANG MEETING', NULL, 'AD629121', 'GRANTED', 'rfid', '2026-05-04 21:22:20'),
(558, 'door_2', 'RUANG MEETING', NULL, '13E824D3', 'DENIED', 'rfid', '2026-05-04 21:22:41'),
(559, 'door_2', 'RUANG MEETING', NULL, '13E824D3', 'DENIED', 'rfid', '2026-05-04 21:22:42'),
(560, 'door_2', 'RUANG MEETING', NULL, 'AD6DD321', 'GRANTED', 'rfid', '2026-05-04 21:22:43'),
(561, 'door_2', 'RUANG MEETING', NULL, '058A3906', 'DENIED', 'rfid', '2026-05-04 21:22:58'),
(562, 'door_2', 'RUANG MEETING', NULL, '058A3906', 'DENIED', 'rfid', '2026-05-04 21:23:24'),
(563, 'door_2', 'RUANG MEETING', NULL, '058A3906', 'DENIED', 'rfid', '2026-05-04 21:23:25'),
(564, 'door_2', 'RUANG MEETING', 'Raden', '-', 'GRANTED', 'web', '2026-05-04 21:23:49'),
(565, 'door_2', 'RUANG MEETING', 'Raden', '-', 'GRANTED', 'web', '2026-05-04 21:30:44'),
(566, 'door_2', 'RUANG MEETING', 'Raden', '-', 'GRANTED', 'web', '2026-05-04 21:32:21'),
(567, 'door_2', 'RUANG MEETING', 'Raden', '-', 'GRANTED', 'web', '2026-05-04 21:34:42'),
(568, 'door_2', 'RUANG MEETING', 'Raden', '-', 'GRANTED', 'web', '2026-05-05 01:09:37'),
(569, 'door_2', 'RUANG MEETING', 'Raden', '-', 'GRANTED', 'web', '2026-05-05 01:13:24'),
(570, 'door_2', 'RUANG MEETING', 'Raden', '-', 'GRANTED', 'web', '2026-05-05 01:13:32'),
(571, 'door_2', 'RUANG MEETING', 'Raden', '-', 'GRANTED', 'web', '2026-05-05 01:39:30'),
(572, 'door_2', 'RUANG MEETING', 'Raden', '-', 'GRANTED', 'web', '2026-05-05 01:54:26'),
(573, 'door_2', 'RUANG MEETING', 'Raden', '-', 'GRANTED', 'web', '2026-05-05 01:54:34'),
(574, 'door_2', 'RUANG MEETING', 'Raden', '-', 'GRANTED', 'web', '2026-05-05 01:58:11'),
(575, 'door_2', 'RUANG MEETING', NULL, 'BD9BD421', 'DENIED', 'rfid', '2026-05-05 01:58:25'),
(576, 'door_2', 'RUANG MEETING', 'Raden', '-', 'GRANTED', 'web', '2026-05-05 01:58:35'),
(577, 'door_2', 'RUANG MEETING', 'Raden', '-', 'GRANTED', 'web', '2026-05-05 02:12:27'),
(578, 'door_2', 'RUANG MEETING', 'Raden', '-', 'GRANTED', 'web', '2026-05-05 02:12:34'),
(579, 'door_2', 'RUANG MEETING', 'Raden', '-', 'GRANTED', 'web', '2026-05-05 02:12:41'),
(580, 'door_2', 'RUANG MEETING', 'Raden', '-', 'GRANTED', 'web', '2026-05-05 02:33:50'),
(581, 'door_2', 'RUANG MEETING', 'Raden', '-', 'GRANTED', 'web', '2026-05-05 11:28:11'),
(582, 'door_2', 'RUANG MEETING', 'Raden', '-', 'GRANTED', 'web', '2026-05-05 11:30:30'),
(583, 'door_2', 'RUANG MEETING', 'Raden', '-', 'GRANTED', 'web', '2026-05-05 11:42:17'),
(584, 'door_2', 'RUANG MEETING', 'Raden', '-', 'GRANTED', 'web', '2026-05-05 11:43:04'),
(585, 'door_2', 'RUANG MEETING', 'Raden', '-', 'GRANTED', 'web', '2026-05-05 11:45:01'),
(586, 'door_2', 'RUANG MEETING', 'Raden', '-', 'GRANTED', 'web', '2026-05-05 11:50:45');
INSERT INTO `logs` (`id`, `device_id`, `device_name`, `name`, `uid`, `status`, `method`, `time`) VALUES
(587, 'door_2', 'RUANG MEETING', 'Raden', '-', 'GRANTED', 'web', '2026-05-05 11:51:10'),
(588, 'door_2', 'RUANG MEETING', NULL, 'AD6DD321', 'GRANTED', 'rfid', '2026-05-05 12:08:35'),
(589, 'door_2', 'RUANG MEETING', NULL, 'BD9BD421', 'DENIED', 'rfid', '2026-05-05 12:09:03'),
(590, 'door_2', 'RUANG MEETING', 'Raden', '-', 'GRANTED', 'web', '2026-05-05 12:09:48'),
(591, 'door_2', 'RUANG MEETING', 'Raden', '-', 'GRANTED', 'web', '2026-05-05 12:11:46'),
(592, 'door_2', 'RUANG MEETING', 'Raden', '-', 'GRANTED', 'web', '2026-05-05 12:12:30'),
(593, 'door_2', 'RUANG MEETING', 'Raden', '-', 'GRANTED', 'web', '2026-05-05 12:31:53'),
(594, 'door_2', 'RUANG MEETING', 'Raden', '-', 'GRANTED', 'web', '2026-05-05 12:48:33'),
(595, 'door_2', 'RUANG MEETING', 'Raden', '-', 'GRANTED', 'web', '2026-05-05 12:48:54'),
(596, 'door_2', 'RUANG MEETING', 'Raden', '-', 'GRANTED', 'web', '2026-05-05 13:48:05'),
(597, 'door_2', 'RUANG MEETING', NULL, '13E824D3', 'DENIED', 'rfid', '2026-05-05 13:49:18'),
(598, 'door_2', 'RUANG MEETING', NULL, 'AD6DD321', 'GRANTED', 'rfid', '2026-05-05 13:49:27'),
(599, 'door_2', 'RUANG MEETING', 'Raden', '-', 'GRANTED', 'web', '2026-05-05 13:50:27'),
(600, 'door_2', 'RUANG MEETING', 'Raden', '-', 'GRANTED', 'web', '2026-05-05 14:03:50'),
(601, 'door_2', 'RUANG MEETING', 'Raden', '-', 'GRANTED', 'web', '2026-05-05 14:22:30'),
(602, 'door_2', 'RUANG MEETING', 'Raden', '-', 'GRANTED', 'web', '2026-05-05 14:22:40'),
(603, 'door_2', 'RUANG MEETING', 'Raden', '-', 'GRANTED', 'web', '2026-05-05 14:39:49'),
(604, 'door_2', 'RUANG MEETING', 'Raden', '-', 'GRANTED', 'web', '2026-05-05 14:39:54'),
(605, 'door_2', 'RUANG MEETING', 'Raden', '-', 'GRANTED', 'web', '2026-05-05 14:40:02'),
(606, 'door_2', 'RUANG MEETING', 'Raden', '-', 'GRANTED', 'web', '2026-05-05 14:45:28'),
(607, 'door_2', 'RUANG MEETING', 'Raden', '-', 'GRANTED', 'web', '2026-05-05 14:51:08'),
(608, 'door_2', 'RUANG MEETING', 'Raden', '-', 'GRANTED', 'web', '2026-05-05 14:55:00'),
(609, 'door_2', 'RUANG MEETING', 'Raden', '-', 'GRANTED', 'web', '2026-05-05 14:56:16'),
(610, 'door_2', 'RUANG MEETING', NULL, 'BD9BD421', 'DENIED', 'rfid', '2026-05-05 15:12:32'),
(611, 'door_2', 'RUANG MEETING', 'Raden', '-', 'GRANTED', 'web', '2026-05-05 15:38:03'),
(612, 'door_2', 'RUANG MEETING', 'Raden', '-', 'GRANTED', 'web', '2026-05-05 15:38:35'),
(613, 'door_2', 'RUANG MEETING', 'Raden', '-', 'GRANTED', 'web', '2026-05-05 16:24:27'),
(614, 'door_2', 'RUANG MEETING', 'Raden', '-', 'GRANTED', 'web', '2026-05-05 16:29:05'),
(615, 'door_1', 'RUANG NOC', 'Raden', '-', 'GRANTED', 'web', '2026-05-06 08:25:10'),
(616, 'door_1', 'RUANG NOC', NULL, 'BD9BD421', 'GRANTED', 'rfid', '2026-05-06 08:26:19'),
(617, 'door_1', 'RUANG NOC', NULL, '66E84306', 'DENIED', 'rfid', '2026-05-06 08:28:13'),
(618, 'door_1', 'RUANG NOC', NULL, '13E824D3', 'GRANTED', 'rfid', '2026-05-06 08:28:23'),
(619, 'door_1', 'RUANG NOC', 'Raden', '-', 'GRANTED', 'web', '2026-05-06 08:28:55'),
(620, 'door_1', 'RUANG NOC', 'Raden', '-', 'GRANTED', 'web', '2026-05-06 08:30:21'),
(621, 'door_2', 'RUANG MEETING', NULL, 'BD9BD421', 'DENIED', 'rfid', '2026-05-06 17:22:48'),
(622, 'door_2', 'RUANG MEETING', NULL, 'BD9BD421', 'DENIED', 'rfid', '2026-05-06 17:22:48'),
(623, 'door_2', 'RUANG MEETING', NULL, 'AD6DD321', 'DENIED', 'rfid', '2026-05-06 17:22:49'),
(624, 'door_2', 'RUANG MEETING', NULL, 'AD629121', 'DENIED', 'rfid', '2026-05-06 17:22:49'),
(625, 'door_2', 'RUANG MEETING', NULL, '13E824D3', 'DENIED', 'rfid', '2026-05-06 17:23:58'),
(626, 'door_2', 'RUANG MEETING', NULL, '66E84306', 'GRANTED', 'rfid', '2026-05-06 17:24:02'),
(627, 'door_2', 'RUANG MEETING', NULL, '13E824D3', 'GRANTED', 'rfid', '2026-05-06 17:24:38'),
(628, 'door_2', 'RUANG MEETING', NULL, '66E84306', 'GRANTED', 'rfid', '2026-05-06 17:24:43'),
(629, 'door_2', 'RUANG MEETING', NULL, '66E84306', 'GRANTED', 'rfid', '2026-05-06 17:24:49'),
(630, 'door_2', 'RUANG MEETING', NULL, '66E84306', 'GRANTED', 'rfid', '2026-05-06 17:24:49'),
(631, 'door_2', 'RUANG MEETING', 'Raden', '-', 'GRANTED', 'web', '2026-05-06 17:25:35'),
(632, 'door_2', 'RUANG MEETING', NULL, '058A3906', 'DENIED', 'rfid', '2026-05-06 17:26:24'),
(633, 'door_2', 'RUANG MEETING', NULL, '058065BFA8D100', 'DENIED', 'rfid', '2026-05-06 17:26:58'),
(634, 'door_2', 'RUANG MEETING', NULL, '058065BFA8D100', 'GRANTED', 'rfid', '2026-05-06 17:28:42'),
(635, 'door_2', 'RUANG MEETING', 'Raden', '-', 'GRANTED', 'web', '2026-05-06 17:40:45'),
(636, 'door_1', 'RUANG NOC', NULL, 'BD9BD421', 'GRANTED', 'rfid', '2026-05-06 22:46:08'),
(637, 'door_2', 'RUANG MEETING', NULL, 'AD6DD321', 'GRANTED', 'rfid', '2026-05-06 22:51:04'),
(638, 'door_2', 'RUANG MEETING', NULL, '66E84306', 'GRANTED', 'rfid', '2026-05-06 22:51:11'),
(639, 'door_2', 'RUANG MEETING', NULL, '66E84306', 'GRANTED', 'rfid', '2026-05-06 22:51:11'),
(640, 'door_2', 'RUANG MEETING', NULL, 'AD629121', 'GRANTED', 'rfid', '2026-05-06 23:20:49'),
(641, 'door_2', 'RUANG MEETING', NULL, 'BD9BD421', 'DENIED', 'rfid', '2026-05-06 23:20:49'),
(642, 'door_2', 'RUANG MEETING', NULL, 'AD6DD321', 'GRANTED', 'rfid', '2026-05-06 23:20:49'),
(643, 'door_2', 'RUANG MEETING', NULL, '66E84306', 'GRANTED', 'rfid', '2026-05-06 23:20:49'),
(644, 'door_2', 'RUANG MEETING', NULL, '66E84306', 'GRANTED', 'rfid', '2026-05-06 23:20:49'),
(645, 'door_2', 'RUANG MEETING', NULL, '66E84306', 'GRANTED', 'rfid', '2026-05-06 23:20:50'),
(646, 'door_2', 'RUANG MEETING', NULL, 'BD9BD421', 'DENIED', 'rfid', '2026-05-06 23:20:50'),
(647, 'door_2', 'RUANG MEETING', NULL, '13E824D3', 'DENIED', 'rfid', '2026-05-06 23:20:50'),
(648, 'door_2', 'RUANG MEETING', NULL, '13E824D3', 'DENIED', 'rfid', '2026-05-06 23:20:50'),
(649, 'door_2', 'RUANG MEETING', NULL, '66E84306', 'GRANTED', 'rfid', '2026-05-06 23:20:50'),
(650, 'door_2', 'RUANG MEETING', 'Raden', '-', 'GRANTED', 'web', '2026-05-06 23:21:01'),
(651, 'door_2', 'RUANG MEETING', NULL, 'AD629121', 'GRANTED', 'rfid', '2026-05-06 23:30:49'),
(652, 'door_2', 'RUANG MEETING', NULL, '13E824D3', 'DENIED', 'rfid', '2026-05-06 23:30:49'),
(653, 'door_2', 'RUANG MEETING', NULL, 'AD629121', 'GRANTED', 'rfid', '2026-05-06 23:30:49'),
(654, 'door_2', 'RUANG MEETING', NULL, 'AD6DD321', 'GRANTED', 'rfid', '2026-05-06 23:30:49'),
(655, 'door_2', 'RUANG MEETING', NULL, '66E84306', 'GRANTED', 'rfid', '2026-05-06 23:30:49'),
(656, 'door_2', 'RUANG MEETING', NULL, 'AD629121', 'GRANTED', 'rfid', '2026-05-06 23:31:01'),
(657, 'door_2', 'RUANG MEETING', NULL, '66E84306', 'DENIED', 'rfid', '2026-05-06 23:36:51'),
(658, 'door_2', 'RUANG MEETING', NULL, '13E824D3', 'DENIED', 'rfid', '2026-05-06 23:36:51'),
(659, 'door_2', 'RUANG MEETING', NULL, '13E824D3', 'DENIED', 'rfid', '2026-05-06 23:36:51'),
(660, 'door_2', 'RUANG MEETING', 'Raden', '-', 'GRANTED', 'web', '2026-05-06 23:37:11'),
(661, 'door_2', 'RUANG MEETING', NULL, '02BA7E71B11D00', 'DENIED', 'rfid', '2026-05-07 11:41:04'),
(662, 'door_2', 'RUANG MEETING', NULL, '02BA7E71B11D00', 'GRANTED', 'rfid', '2026-05-07 11:42:34'),
(663, 'door_2', 'RUANG MEETING', 'Aji Ganteng', '-', 'GRANTED', 'web', '2026-05-07 11:43:03'),
(664, 'door_2', 'RUANG MEETING', 'Aji Ganteng', '-', 'GRANTED', 'web', '2026-05-07 11:44:01'),
(665, 'door_2', 'RUANG MEETING', NULL, 'BD9BD421', 'DENIED', 'rfid', '2026-05-07 11:50:09'),
(666, 'door_2', 'RUANG MEETING', NULL, 'BD9BD421', 'DENIED', 'rfid', '2026-05-07 11:50:12'),
(667, 'door_2', 'RUANG MEETING', NULL, 'AD6DD321', 'DENIED', 'rfid', '2026-05-07 11:50:13'),
(668, 'door_2', 'RUANG MEETING', NULL, '13E824D3', 'DENIED', 'rfid', '2026-05-07 11:50:13'),
(669, 'door_2', 'RUANG MEETING', NULL, '66E84306', 'DENIED', 'rfid', '2026-05-07 11:50:13'),
(670, 'door_2', 'RUANG MEETING', NULL, 'AD629121', 'DENIED', 'rfid', '2026-05-07 11:50:13'),
(671, 'door_2', 'RUANG MEETING', 'Aji Ganteng', '-', 'GRANTED', 'web', '2026-05-07 11:50:17'),
(672, 'door_2', 'RUANG MEETING', 'Aji Ganteng', '-', 'GRANTED', 'web', '2026-05-07 11:55:50'),
(673, 'door_2', 'RUANG MEETING', 'Raden', '-', 'GRANTED', 'web', '2026-05-08 01:44:49'),
(674, 'door_2', 'RUANG MEETING', 'Raden', '-', 'GRANTED', 'web', '2026-05-08 01:45:45'),
(675, 'door_2', 'RUANG MEETING', NULL, 'BD9BD421', 'DENIED', 'rfid', '2026-05-08 01:45:56'),
(676, 'door_2', 'RUANG MEETING', 'Raden', '-', 'GRANTED', 'web', '2026-05-08 02:19:16'),
(677, 'door_2', 'RUANG MEETING', NULL, '058A3906', 'DENIED', 'rfid', '2026-05-08 14:36:53'),
(678, 'door_2', 'RUANG MEETING', NULL, '058A3906', 'DENIED', 'rfid', '2026-05-08 14:38:52'),
(679, 'door_2', 'RUANG MEETING', NULL, '058A3906', 'GRANTED', 'rfid', '2026-05-08 14:39:11'),
(680, 'door_2', 'RUANG MEETING', 'Budi', '-', 'GRANTED', 'web', '2026-05-08 14:39:53'),
(681, 'door_2', 'RUANG MEETING', NULL, '66E84306', 'GRANTED', 'rfid', '2026-05-08 14:41:13'),
(682, 'door_2', 'RUANG MEETING', NULL, 'BD9BD421', 'DENIED', 'rfid', '2026-05-08 14:41:33'),
(683, 'door_2', 'RUANG MEETING', NULL, '66E84306', 'DENIED', 'rfid', '2026-05-08 14:46:53'),
(684, 'door_2', 'RUANG MEETING', NULL, '66E84306', 'DENIED', 'rfid', '2026-05-08 14:46:53'),
(685, 'door_2', 'RUANG MEETING', NULL, '66E84306', 'DENIED', 'rfid', '2026-05-08 14:46:55'),
(686, 'door_2', 'RUANG MEETING', NULL, '66E84306', 'GRANTED', 'rfid', '2026-05-08 14:46:56'),
(687, 'door_2', 'RUANG MEETING', NULL, '058A1BA6BAD100', 'DENIED', 'rfid', '2026-05-13 14:56:13'),
(688, 'door_2', 'RUANG MEETING', NULL, '058A1BA6BAD100', 'DENIED', 'rfid', '2026-05-13 14:58:34'),
(689, 'door_2', 'RUANG MEETING', NULL, '058A1BA6BAD100', 'GRANTED', 'rfid', '2026-05-13 14:59:23'),
(690, 'door_2', 'RUANG MEETING', NULL, '058A1BA6BAD100', 'GRANTED', 'rfid', '2026-05-13 15:00:18'),
(691, 'door_2', 'RUANG MEETING', NULL, '058A1BA6BAD100', 'GRANTED', 'rfid', '2026-05-13 15:00:41'),
(692, 'door_2', 'RUANG MEETING', 'Rafi Ganteng', '-', 'GRANTED', 'web', '2026-05-13 15:01:24'),
(693, 'door_2', 'RUANG MEETING', 'Rafi Ganteng', '-', 'GRANTED', 'web', '2026-05-13 15:02:18'),
(694, 'door_1', 'RUANG NOC', NULL, '13E824D3', 'GRANTED', 'rfid', '2026-05-13 23:46:55'),
(695, 'door_1', 'RUANG NOC', 'Apip', '-', 'GRANTED', 'web', '2026-05-13 23:47:11'),
(696, 'door_1', 'RUANG NOC', 'Apip', '-', 'GRANTED', 'web', '2026-05-13 23:47:37'),
(697, 'door_1', 'RUANG NOC', NULL, 'BD9BD421', 'GRANTED', 'rfid', '2026-05-13 23:47:50'),
(698, 'door_1', 'RUANG NOC', NULL, 'BD9BD421', 'GRANTED', 'rfid', '2026-05-13 23:47:50'),
(699, 'door_1', 'RUANG NOC', NULL, 'BD9BD421', 'GRANTED', 'rfid', '2026-05-13 23:47:58'),
(700, 'door_1', 'RUANG NOC', NULL, 'BD9BD421', 'GRANTED', 'rfid', '2026-05-13 23:48:06'),
(701, 'door_1', 'RUANG NOC', NULL, '13E824D3', 'GRANTED', 'rfid', '2026-05-13 23:48:13'),
(702, 'door_2', 'RUANG MEETING', 'Apip', '-', 'GRANTED', 'web', '2026-05-17 17:58:42'),
(703, 'door_2', 'RUANG MEETING', 'Apip', '-', 'GRANTED', 'web', '2026-05-17 17:59:11'),
(704, 'door_2', 'RUANG MEETING', 'Apip', '-', 'GRANTED', 'web', '2026-05-17 17:59:23'),
(705, 'door_2', 'RUANG MEETING', 'Apip', '-', 'GRANTED', 'web', '2026-05-17 17:59:39'),
(706, 'door_2', 'RUANG MEETING', 'Apip', '-', 'GRANTED', 'web', '2026-05-22 18:14:34'),
(707, 'door_2', 'RUANG MEETING', 'Apip', '-', 'GRANTED', 'web', '2026-05-22 18:15:28'),
(708, 'door_2', 'RUANG MEETING', 'Apip', '-', 'GRANTED', 'web', '2026-05-22 18:16:22'),
(709, 'door_2', 'RUANG MEETING', 'admin', '-', 'GRANTED', 'web', '2026-05-22 18:17:11'),
(710, 'door_2', 'RUANG MEETING', 'admin', '-', 'GRANTED', 'web', '2026-05-22 18:17:25'),
(711, 'door_2', 'RUANG MEETING', 'Apip', '-', 'GRANTED', 'web', '2026-05-22 18:22:16'),
(712, 'door_2', 'RUANG MEETING', 'Apip', '-', 'GRANTED', 'web', '2026-05-22 18:24:52'),
(713, 'door_2', 'RUANG MEETING', 'Apip', '-', 'GRANTED', 'web', '2026-05-22 18:44:06'),
(714, 'door_2', 'RUANG MEETING', 'Apip', '-', 'GRANTED', 'web', '2026-05-22 19:04:58'),
(715, 'door_2', 'RUANG MEETING', 'Apip', '-', 'GRANTED', 'web', '2026-05-22 19:16:09'),
(716, 'door_2', 'RUANG MEETING', 'Apip', '-', 'GRANTED', 'web', '2026-05-22 19:19:22'),
(717, 'door_2', 'RUANG MEETING', NULL, 'BD9BD421', 'DENIED', 'rfid', '2026-05-22 19:38:52'),
(718, 'door_2', 'RUANG MEETING', 'Apip', '-', 'GRANTED', 'web', '2026-05-22 19:50:04'),
(719, 'door_2', 'RUANG MEETING', NULL, '058A3906', 'DENIED', 'rfid', '2026-05-22 21:22:13'),
(720, 'door_2', 'RUANG MEETING', NULL, '058A3906', 'GRANTED', 'rfid', '2026-05-22 21:22:37'),
(721, 'door_2', 'RUANG MEETING', 'Apip', '-', 'GRANTED', 'web', '2026-05-22 21:38:39'),
(722, 'door_2', 'RUANG MEETING', 'Apip', '-', 'GRANTED', 'web', '2026-05-22 21:38:49'),
(723, 'door_2', 'RUANG MEETING', 'Apip', '-', 'GRANTED', 'web', '2026-05-22 21:39:01'),
(724, 'door_2', 'RUANG MEETING', 'Apip', '-', 'GRANTED', 'web', '2026-05-22 21:39:14'),
(725, 'door_2', 'RUANG MEETING', 'Apip', '-', 'GRANTED', 'web', '2026-05-22 22:14:26'),
(726, 'door_2', 'RUANG MEETING', 'Apip', '-', 'GRANTED', 'web', '2026-05-22 22:14:34'),
(727, 'door_2', 'RUANG MEETING', 'Apip', '-', 'GRANTED', 'web', '2026-05-22 23:17:26'),
(728, 'door_2', 'RUANG MEETING', NULL, 'BD9BD421', 'DENIED', 'rfid', '2026-05-23 00:03:50'),
(729, 'door_2', 'RUANG MEETING', NULL, '31ACD36E', 'DENIED', 'rfid', '2026-05-23 15:43:34'),
(730, 'door_2', 'RUANG MEETING', NULL, '31ACD36E', 'DENIED', 'rfid', '2026-05-23 15:43:37'),
(731, 'door_2', 'RUANG MEETING', NULL, '31ACD36E', 'GRANTED', 'rfid', '2026-05-23 15:45:04'),
(732, 'door_2', 'RUANG MEETING', 'Bagas', '-', 'GRANTED', 'web', '2026-05-23 15:45:59'),
(733, 'door_2', 'RUANG MEETING', NULL, 'AD629121', 'GRANTED', 'rfid', '2026-05-23 15:47:41'),
(734, 'door_2', 'RUANG MEETING', NULL, 'AD629121', 'GRANTED', 'rfid', '2026-05-23 15:48:11'),
(735, 'door_2', 'RUANG MEETING', NULL, 'AD629121', 'DENIED', 'rfid', '2026-05-23 15:49:13'),
(736, 'door_2', 'RUANG MEETING', 'Bagas', '-', 'GRANTED', 'web', '2026-05-23 15:55:09'),
(737, 'door_2', 'RUANG MEETING', 'Bagas', '-', 'GRANTED', 'web', '2026-05-23 16:04:04'),
(738, 'door_2', 'RUANG MEETING', 'Apip', '-', 'GRANTED', 'web', '2026-05-23 16:09:37'),
(739, 'door_2', 'RUANG MEETING', 'Apip', '-', 'GRANTED', 'web', '2026-05-23 16:09:44'),
(740, 'door_2', 'RUANG MEETING', 'Apip', '-', 'GRANTED', 'web', '2026-05-23 16:45:31'),
(741, 'door_2', 'RUANG MEETING', 'Apip', '-', 'GRANTED', 'web', '2026-05-23 16:57:09'),
(742, 'door_2', 'RUANG MEETING', NULL, '0587B114249100', 'DENIED', 'rfid', '2026-05-26 22:46:15'),
(743, 'door_2', 'RUANG MEETING', NULL, '0587B114249100', 'DENIED', 'rfid', '2026-05-26 22:46:29'),
(744, 'door_2', 'RUANG MEETING', NULL, '046F428ABE5880', 'DENIED', 'rfid', '2026-05-26 22:46:47'),
(745, 'door_2', 'RUANG MEETING', NULL, '046F428ABE5880', 'DENIED', 'rfid', '2026-05-26 22:46:57'),
(746, 'door_2', 'RUANG MEETING', NULL, '046F428ABE5880', 'GRANTED', 'rfid', '2026-05-26 22:48:42'),
(747, 'door_2', 'RUANG MEETING', 'PakDe Pur', '-', 'GRANTED', 'web', '2026-05-26 22:51:27'),
(748, 'door_2', 'RUANG MEETING', 'PakDe Pur', '-', 'GRANTED', 'web', '2026-05-26 22:51:40'),
(749, 'door_2', 'RUANG MEETING', 'PakDe Pur', '-', 'GRANTED', 'web', '2026-05-26 22:52:13'),
(750, 'door_2', 'RUANG MEETING', 'PakDe Pur', '-', 'GRANTED', 'web', '2026-05-26 22:52:33'),
(751, 'door_2', 'RUANG MEETING', NULL, '046F428ABE5880', 'GRANTED', 'rfid', '2026-05-26 22:53:00'),
(752, 'door_2', 'RUANG MEETING', NULL, '046F428ABE5880', 'DENIED', 'rfid', '2026-05-26 22:53:24'),
(753, 'door_2', 'RUANG MEETING', NULL, '046F428ABE5880', 'DENIED', 'rfid', '2026-05-26 22:53:24'),
(754, 'door_1', 'RUANG NOC', 'admin', '-', 'GRANTED', 'web', '2026-05-26 22:54:32'),
(755, 'door_2', 'RUANG MEETING', 'admin', '-', 'GRANTED', 'web', '2026-05-26 22:54:34'),
(756, 'door_2', 'RUANG MEETING', 'PakDe Pur', '-', 'GRANTED', 'web', '2026-05-26 22:54:47'),
(757, 'door_2', 'RUANG MEETING', NULL, '046F428ABE5880', 'DENIED', 'rfid', '2026-05-26 22:55:11'),
(758, 'door_2', 'RUANG MEETING', NULL, '046F428ABE5880', 'GRANTED', 'rfid', '2026-05-26 22:55:25'),
(759, 'door_1', 'RUANG NOC', 'admin', '-', 'GRANTED', 'web', '2026-05-26 23:01:38'),
(760, 'door_2', 'RUANG MEETING', 'admin', '-', 'GRANTED', 'web', '2026-05-26 23:01:39'),
(761, 'door_2', 'RUANG MEETING', NULL, '046F428ABE5880', 'DENIED', 'rfid', '2026-05-26 23:02:13'),
(762, 'door_2', 'RUANG MEETING', NULL, '046F428ABE5880', 'GRANTED', 'rfid', '2026-05-26 23:02:13'),
(763, 'door_2', 'RUANG MEETING', 'Apip', '-', 'GRANTED', 'web', '2026-06-03 15:23:00'),
(764, 'door_1', 'RUANG NOC', 'Apip', '-', 'GRANTED', 'web', '2026-06-03 22:05:11'),
(765, 'door_1', 'RUANG NOC', 'Apip', '-', 'GRANTED', 'web', '2026-06-03 22:05:21'),
(766, 'door_1', 'RUANG NOC', 'Apip', '-', 'GRANTED', 'web', '2026-06-03 22:06:24'),
(767, 'door_1', 'RUANG NOC', 'Apip', '-', 'GRANTED', 'web', '2026-06-03 22:06:33'),
(768, 'door_1', 'RUANG NOC', 'admin', '-', 'GRANTED', 'web', '2026-06-03 22:38:17'),
(769, 'door_1', 'RUANG NOC', 'Apip', '-', 'GRANTED', 'web', '2026-06-06 22:46:25'),
(770, 'door_1', 'RUANG NOC', 'Apip', '-', 'GRANTED', 'web', '2026-06-06 22:46:34'),
(771, 'door_1', 'RUANG NOC', 'Apip', '-', 'GRANTED', 'web', '2026-06-06 22:46:43'),
(772, 'door_1', 'RUANG NOC', 'Apip', '-', 'GRANTED', 'web', '2026-06-06 22:57:58'),
(773, 'door_1', 'RUANG NOC', 'Apip', '-', 'GRANTED', 'web', '2026-06-06 23:11:22'),
(774, 'door_1', 'RUANG NOC', 'Apip', '-', 'GRANTED', 'web', '2026-06-06 23:46:47'),
(775, 'door_1', 'RUANG NOC', 'Apip', '-', 'GRANTED', 'web', '2026-06-06 23:47:29'),
(776, 'door_1', 'RUANG NOC', NULL, '8F0B7B6A', 'DENIED', 'rfid', '2026-06-06 23:48:06'),
(777, 'door_1', 'RUANG NOC', NULL, '8F0B7B6A', 'GRANTED', 'rfid', '2026-06-06 23:49:33'),
(778, 'door_1', 'RUANG NOC', 'Apip', '-', 'GRANTED', 'web', '2026-06-06 23:49:43'),
(779, 'door_1', 'RUANG NOC', NULL, '8F0B7B6A', 'GRANTED', 'rfid', '2026-06-06 23:50:29'),
(780, 'door_1', 'RUANG NOC', NULL, '8F0B7B6A', 'DENIED', 'rfid', '2026-06-06 23:50:49'),
(781, 'door_1', 'RUANG NOC', 'Apip', '-', 'GRANTED', 'web', '2026-06-06 23:51:02'),
(782, 'door_1', 'RUANG NOC', NULL, '8F0B7B6A', 'DENIED', 'rfid', '2026-06-06 23:52:03'),
(783, 'door_1', 'RUANG NOC', 'Apip', '-', 'GRANTED', 'web', '2026-06-07 01:19:31'),
(784, 'door_1', 'RUANG NOC', 'Apip', '-', 'GRANTED', 'web', '2026-06-07 01:20:04'),
(785, 'door_1', 'RUANG NOC', 'Apip', '-', 'GRANTED', 'web', '2026-06-07 01:20:46'),
(786, 'door_1', 'RUANG NOC', 'Apip', '-', 'GRANTED', 'web', '2026-06-07 01:23:37'),
(787, 'door_1', 'RUANG NOC', 'Apip', '-', 'GRANTED', 'web', '2026-06-07 01:40:20'),
(788, 'door_1', 'RUANG NOC', 'Apip', '-', 'GRANTED', 'web', '2026-06-07 01:40:32'),
(789, 'door_1', 'RUANG NOC', 'Apip', '-', 'GRANTED', 'web', '2026-06-07 01:40:43'),
(790, 'door_1', 'RUANG NOC', 'Apip', '-', 'GRANTED', 'web', '2026-06-07 01:40:54'),
(791, 'door_1', 'RUANG NOC', NULL, '8F0B7B6A', 'DENIED', 'rfid', '2026-06-07 01:41:11'),
(792, 'door_1', 'RUANG NOC', NULL, '8F0B7B6A', 'GRANTED', 'rfid', '2026-06-07 01:41:40'),
(793, 'door_1', 'RUANG NOC', 'Apip', '-', 'GRANTED', 'web', '2026-06-07 01:43:56'),
(794, 'door_1', 'RUANG NOC', NULL, '8F0B7B6A', 'DENIED', 'rfid', '2026-06-07 01:44:54'),
(795, 'door_1', 'RUANG NOC', 'admin', '-', 'GRANTED', 'web', '2026-06-18 12:13:15'),
(796, 'door_1', 'RUANG NOC', 'admin', '-', 'GRANTED', 'web', '2026-06-18 12:13:38'),
(797, 'door_1', 'RUANG NOC', 'admin', '-', 'GRANTED', 'web', '2026-06-18 12:43:43'),
(798, 'door_1', 'RUANG NOC', 'admin', '-', 'GRANTED', 'web', '2026-06-18 12:48:54'),
(799, 'door_1', 'RUANG NOC', 'admin', '-', 'GRANTED', 'web', '2026-06-18 12:55:46'),
(800, 'door_1', 'RUANG NOC', NULL, '66E84306', 'DENIED', 'rfid', '2026-06-18 13:18:19'),
(801, 'door_1', 'RUANG NOC', NULL, 'AD6DD321', 'GRANTED', 'rfid', '2026-06-18 13:18:26'),
(802, 'door_1', 'RUANG NOC', 'Apip', '-', 'GRANTED', 'web', '2026-06-18 13:19:11'),
(803, 'door_1', 'RUANG NOC', NULL, '13E824D3', 'GRANTED', 'rfid', '2026-06-18 13:20:29'),
(804, 'door_1', 'RUANG NOC', NULL, 'AD629121', 'DENIED', 'rfid', '2026-06-18 13:20:35'),
(805, 'door_1', 'RUANG NOC', NULL, 'BD9BD421', 'GRANTED', 'rfid', '2026-06-18 13:20:50'),
(806, 'door_1', 'RUANG NOC', NULL, '8F0B7B6A', 'DENIED', 'rfid', '2026-06-18 13:21:04'),
(807, 'door_1', 'RUANG NOC', NULL, '0587B114249100', 'DENIED', 'rfid', '2026-06-18 13:21:44'),
(808, 'door_1', 'RUANG NOC', NULL, 'AD629121', 'DENIED', 'rfid', '2026-06-18 13:46:58'),
(809, 'door_1', 'RUANG NOC', NULL, 'BD9BD421', 'GRANTED', 'rfid', '2026-06-18 13:47:18'),
(810, 'door_1', 'RUANG NOC', NULL, '13E824D3', 'GRANTED', 'rfid', '2026-06-18 13:47:31'),
(811, 'door_2', 'RUANG MEETING', NULL, 'AD629121', 'GRANTED', 'rfid', '2026-06-18 13:47:51'),
(812, 'door_2', 'RUANG MEETING', NULL, '8F0B7B6A', 'GRANTED', 'rfid', '2026-06-18 13:48:09'),
(813, 'door_2', 'RUANG MEETING', NULL, '0587B114249100', 'DENIED', 'rfid', '2026-06-18 13:48:17'),
(814, 'door_2', 'RUANG MEETING', 'Apip', '-', 'GRANTED', 'web', '2026-06-18 13:48:33'),
(815, 'door_1', 'RUANG NOC', 'Apip', '-', 'GRANTED', 'web', '2026-06-18 13:53:18'),
(816, 'door_1', 'RUANG NOC', 'Apip', '-', 'GRANTED', 'web', '2026-06-18 13:53:31'),
(817, 'door_1', 'RUANG NOC', 'Apip', '-', 'GRANTED', 'web', '2026-06-18 13:53:40'),
(818, 'door_1', 'RUANG NOC', 'Apip', '-', 'GRANTED', 'web', '2026-06-18 13:53:53'),
(819, 'door_1', 'RUANG NOC', 'Apip', '-', 'GRANTED', 'web', '2026-06-18 13:54:14'),
(820, 'door_2', 'RUANG MEETING', 'Apip', '-', 'GRANTED', 'web', '2026-06-18 13:54:20'),
(821, 'door_1', 'RUANG NOC', 'Apip', '-', 'GRANTED', 'web', '2026-06-23 18:22:35'),
(822, 'door_1', 'RUANG NOC', 'Apip', '-', 'GRANTED', 'web', '2026-06-23 18:22:41'),
(823, 'door_1', 'RUANG NOC', NULL, '058A3906', 'DENIED', 'rfid', '2026-06-23 18:31:07'),
(824, 'door_1', 'RUANG NOC', NULL, '058A3906', 'DENIED', 'rfid', '2026-06-23 18:31:10'),
(825, 'door_1', 'RUANG NOC', NULL, 'BD9BD421', 'GRANTED', 'rfid', '2026-06-23 18:31:18'),
(826, 'door_1', 'RUANG NOC', NULL, '66E84306', 'DENIED', 'rfid', '2026-06-23 18:31:31'),
(827, 'door_1', 'RUANG NOC', NULL, '13E824D3', 'GRANTED', 'rfid', '2026-06-23 18:31:53'),
(828, 'door_1', 'RUANG NOC', 'admin', 'WEB', 'GRANTED', 'web', '2026-07-01 14:13:25'),
(829, 'door_1', 'RUANG NOC', 'admin', 'WEB', 'GRANTED', 'web', '2026-07-01 14:14:11'),
(830, 'door_1', 'RUANG NOC', 'admin', 'WEB', 'GRANTED', 'web', '2026-07-01 14:14:43'),
(831, 'door_1', 'RUANG NOC', 'admin', 'WEB', 'GRANTED', 'web', '2026-07-01 14:19:55'),
(832, 'door_1', 'RUANG NOC', 'Ardi', '13E824D3', 'GRANTED', 'rfid', '2026-07-01 14:24:34'),
(833, 'door_1', 'RUANG NOC', 'admin', 'WEB', 'GRANTED', 'web', '2026-07-01 14:28:36'),
(834, 'door_1', 'RUANG NOC', 'Daniel', 'BD9BD421', 'GRANTED', 'rfid', '2026-07-01 14:28:55'),
(835, 'door_1', 'RUANG NOC', 'Daniel', 'BD9BD421', 'GRANTED', 'rfid', '2026-07-01 14:29:43'),
(836, 'door_1', 'RUANG NOC', 'Daniel', 'BD9BD421', 'GRANTED', 'rfid', '2026-07-01 14:29:56'),
(837, 'door_1', 'RUANG NOC', 'Daniel', 'BD9BD421', 'GRANTED', 'rfid', '2026-07-01 14:30:09'),
(838, 'door_1', 'RUANG NOC', 'admin', 'WEB', 'GRANTED', 'web', '2026-07-01 16:16:16'),
(839, 'door_1', 'RUANG NOC', 'Jejen', '66E84306', 'DENIED', 'rfid', '2026-07-01 16:19:44'),
(840, 'door_1', 'RUANG NOC', 'admin', 'WEB', 'GRANTED', 'web', '2026-07-01 16:22:22'),
(841, 'door_1', 'RUANG NOC', 'Jejen', '66E84306', 'DENIED', 'rfid', '2026-07-01 16:22:53'),
(842, 'door_1', 'RUANG NOC', 'Daniel', 'BD9BD421', 'GRANTED', 'rfid', '2026-07-01 16:23:54'),
(843, 'door_1', 'RUANG NOC', 'Daniel', 'BD9BD421', 'GRANTED', 'rfid', '2026-07-01 16:24:16'),
(844, 'door_1', 'RUANG NOC', 'Jejen', '66E84306', 'DENIED', 'rfid', '2026-07-01 16:24:43'),
(845, 'door_1', 'RUANG NOC', 'Daniel', 'BD9BD421', 'GRANTED', 'rfid', '2026-07-01 16:24:57'),
(846, 'door_1', 'RUANG NOC', 'Ardi', '13E824D3', 'GRANTED', 'rfid', '2026-07-01 16:25:43'),
(847, 'door_1', 'RUANG NOC', 'Ardi', '13E824D3', 'GRANTED', 'rfid', '2026-07-01 16:25:57'),
(848, 'door_1', 'RUANG NOC', 'Azis', 'AD6DD321', 'GRANTED', 'rfid', '2026-07-01 16:26:25'),
(849, 'door_1', 'RUANG NOC', 'Azis', 'AD6DD321', 'GRANTED', 'rfid', '2026-07-01 16:26:38'),
(850, 'door_1', 'RUANG NOC', 'Azis', 'AD6DD321', 'DENIED', 'rfid', '2026-07-01 16:27:21'),
(851, 'door_1', 'RUANG NOC', 'Azis', 'AD6DD321', 'DENIED', 'rfid', '2026-07-01 16:28:01'),
(852, 'door_1', 'RUANG NOC', 'admin', 'WEB', 'GRANTED', 'web', '2026-07-01 17:17:35'),
(853, 'door_1', 'RUANG NOC', 'admin', 'WEB', 'GRANTED', 'web', '2026-07-01 17:54:53'),
(854, 'door_1', 'RUANG NOC', 'admin', 'WEB', 'GRANTED', 'web', '2026-07-01 20:24:32'),
(855, 'door_1', 'RUANG NOC', 'Putri', 'AD629121', 'DENIED', 'rfid', '2026-07-01 20:24:58'),
(856, 'door_1', 'RUANG NOC', 'Putri', 'AD629121', 'GRANTED', 'rfid', '2026-07-01 20:26:02'),
(857, 'door_1', 'RUANG NOC', 'Putri', 'AD629121', 'GRANTED', 'rfid', '2026-07-01 20:26:41'),
(858, 'door_1', 'RUANG NOC', 'Jejen', '66E84306', 'DENIED', 'rfid', '2026-07-01 20:28:33'),
(859, 'door_1', 'RUANG NOC', 'Daniel', 'BD9BD421', 'GRANTED', 'rfid', '2026-07-01 20:38:04'),
(860, 'door_1', 'RUANG NOC', 'Daniel', 'BD9BD421', 'GRANTED', 'rfid', '2026-07-01 20:38:23'),
(861, 'door_1', 'RUANG NOC', 'Daniel', 'BD9BD421', 'GRANTED', 'rfid', '2026-07-01 20:38:49'),
(862, 'door_1', 'RUANG NOC', 'Daniel', 'BD9BD421', 'GRANTED', 'rfid', '2026-07-01 20:40:23'),
(863, 'door_1', 'RUANG NOC', NULL, '0587B114249100', 'DENIED', 'rfid', '2026-07-01 20:41:15'),
(864, 'door_1', 'RUANG NOC', 'Iqbal', '0587B114249100', 'GRANTED', 'rfid', '2026-07-01 20:42:39'),
(865, 'door_1', 'RUANG NOC', 'Iqbal', '0587B114249100', 'GRANTED', 'rfid', '2026-07-01 20:42:52'),
(866, 'door_1', 'RUANG NOC', 'Ardi', '13E824D3', 'GRANTED', 'rfid', '2026-07-01 20:49:56'),
(867, 'door_1', 'RUANG NOC', 'Ardi', '13E824D3', 'DENIED', 'rfid', '2026-07-01 20:51:54'),
(868, 'door_1', 'RUANG NOC', 'admin', 'WEB', 'GRANTED', 'web', '2026-07-01 21:22:10'),
(869, 'door_1', 'RUANG NOC', 'Iqbal', 'WEB', 'GRANTED', 'web', '2026-07-01 21:54:58'),
(870, 'door_1', 'RUANG NOC', 'Iqbal', '0587B114249100', 'GRANTED', 'rfid', '2026-07-01 21:56:53'),
(871, 'door_1', 'RUANG NOC', 'Ardi', '13E824D3', 'DENIED', 'rfid', '2026-07-01 23:33:38'),
(872, 'door_1', 'RUANG NOC', 'Putri', 'AD629121', 'GRANTED', 'rfid', '2026-07-01 23:34:04'),
(873, 'door_1', 'RUANG NOC', 'ORANG', 'WEB', 'GRANTED', 'web', '2026-07-02 10:55:37'),
(874, 'door_1', 'RUANG NOC', 'admin', 'WEB', 'GRANTED', 'web', '2026-07-02 11:43:01'),
(875, 'door_1', 'RUANG NOC', 'admin', 'WEB', 'GRANTED', 'web', '2026-07-02 13:40:51'),
(876, 'door_1', 'RUANG NOC', 'admin', 'WEB', 'GRANTED', 'web', '2026-07-02 16:23:14'),
(877, 'door_1', 'RUANG NOC', 'Daniel', 'BD9BD421', 'GRANTED', 'rfid', '2026-07-02 16:23:48'),
(878, 'door_1', 'RUANG NOC', 'Daniel', 'BD9BD421', 'DENIED', 'rfid', '2026-07-02 16:24:26'),
(879, 'door_1', 'RUANG NOC', 'Daniel', 'BD9BD421', 'GRANTED', 'rfid', '2026-07-02 16:28:17'),
(880, 'door_1', 'RUANG NOC', 'Daniel', 'BD9BD421', 'GRANTED', 'rfid', '2026-07-02 16:40:23'),
(881, 'door_1', 'RUANG NOC', 'Daniel', 'BD9BD421', 'GRANTED', 'rfid', '2026-07-02 16:41:23'),
(882, 'door_1', 'RUANG NOC', 'admin', 'WEB', 'GRANTED', 'web', '2026-07-02 17:36:01'),
(883, 'door_1', 'RUANG NOC', 'admin', 'WEB', 'GRANTED', 'web', '2026-07-02 17:36:19'),
(884, 'door_1', 'RUANG NOC', 'Daniel', 'BD9BD421', 'GRANTED', 'rfid', '2026-07-02 18:08:36'),
(885, 'door_1', 'RUANG NOC', NULL, '66E84306', 'DENIED', 'rfid', '2026-07-02 18:09:33'),
(886, 'door_1', 'RUANG NOC', 'Putri', 'AD629121', 'DENIED', 'rfid', '2026-07-02 18:10:36'),
(887, 'door_1', 'RUANG NOC', 'admin', 'WEB', 'GRANTED', 'web', '2026-07-02 18:24:27'),
(888, 'door_2', 'RUANG MEETING', 'admin', 'WEB', 'GRANTED', 'web', '2026-07-02 18:28:50'),
(889, 'door_2', 'RUANG MEETING', 'Azis', 'AD6DD321', 'GRANTED', 'rfid', '2026-07-02 18:29:27'),
(890, 'door_2', 'RUANG MEETING', 'Putri', 'AD629121', 'GRANTED', 'rfid', '2026-07-02 18:29:46'),
(891, 'door_2', 'RUANG MEETING', 'Daniel', 'BD9BD421', 'DENIED', 'rfid', '2026-07-02 18:30:24'),
(892, 'door_2', 'RUANG MEETING', 'admin', 'WEB', 'GRANTED', 'web', '2026-07-02 21:42:14'),
(893, 'door_1', 'RUANG NOC', 'admin', 'WEB', 'GRANTED', 'web', '2026-07-06 11:16:33'),
(894, 'door_1', 'RUANG NOC', 'Daniel', 'BD9BD421', 'GRANTED', 'rfid', '2026-07-06 11:17:53'),
(895, 'door_1', 'RUANG NOC', 'Daniel', 'BD9BD421', 'GRANTED', 'rfid', '2026-07-06 11:18:06'),
(896, 'door_1', 'RUANG NOC', 'Putri', 'AD629121', 'DENIED', 'rfid', '2026-07-06 11:18:39'),
(897, 'door_1', 'RUANG NOC', 'Daniel', 'BD9BD421', 'GRANTED', 'rfid', '2026-07-06 11:24:09'),
(898, 'door_1', 'RUANG NOC', 'admin', 'WEB', 'GRANTED', 'web', '2026-07-06 17:36:47'),
(899, 'door_1', 'RUANG NOC', 'admin', 'WEB', 'GRANTED', 'web', '2026-07-06 17:37:07'),
(900, 'door_1', 'RUANG NOC', 'admin', 'WEB', 'GRANTED', 'web', '2026-07-06 17:37:35'),
(901, 'door_1', 'RUANG NOC', 'admin', 'WEB', 'GRANTED', 'web', '2026-07-06 18:01:35'),
(902, 'door_1', 'RUANG NOC', 'Daniel', 'BD9BD421', 'GRANTED', 'rfid', '2026-07-06 18:02:04'),
(903, 'door_1', 'RUANG NOC', 'Daniel', 'BD9BD421', 'GRANTED', 'rfid', '2026-07-06 18:02:20'),
(909, 'door_1', 'RUANG NOC', 'Azis', 'AD6DD321', 'DENIED', 'rfid', '2026-07-09 15:13:32'),
(910, 'door_1', 'RUANG NOC', 'Azis', 'AD6DD321', 'GRANTED', 'rfid', '2026-07-09 15:14:27'),
(911, 'door_1', 'RUANG NOC', 'Azis', 'AD6DD321', 'GRANTED', 'rfid', '2026-07-09 15:23:20');

-- --------------------------------------------------------

--
-- Struktur dari tabel `users`
--

CREATE TABLE `users` (
  `id` int(11) NOT NULL,
  `name` varchar(128) NOT NULL,
  `uid` varchar(64) DEFAULT NULL,
  `username` varchar(64) DEFAULT NULL,
  `password` varchar(255) DEFAULT NULL,
  `status` varchar(16) NOT NULL DEFAULT 'Active',
  `created_at` timestamp NOT NULL DEFAULT current_timestamp()
) ENGINE=InnoDB DEFAULT CHARSET=utf8mb4 COLLATE=utf8mb4_general_ci;

--
-- Dumping data untuk tabel `users`
--

INSERT INTO `users` (`id`, `name`, `uid`, `username`, `password`, `status`, `created_at`) VALUES
(4, 'Daniel', 'BD9BD421', NULL, NULL, 'Active', '2026-04-29 13:55:07'),
(5, 'Putri', 'AD629121', NULL, NULL, 'Active', '2026-04-29 13:55:26'),
(8, 'Ardi', '13E824D3', NULL, NULL, 'Active', '2026-04-29 17:06:15'),
(10, 'admin', NULL, 'admin', '$2y$10$fp2gsZqu7Oa8qfYoO1ORiePQvbHUpwLLD8MfbDQl7vwSgP204PV0C', 'Active', '2026-04-30 11:18:11'),
(14, 'Azis', 'AD6DD321', 'azis', '$2y$10$AZQ75j0KMzhQumqg1U8jIuko/b1QC8rU/G1aPwVLzgVsy19.rjpny', 'Active', '2026-04-30 11:25:53'),
(2825, 'Apip', NULL, 'apip', '$2y$10$5RSR7GS2N5487Z0I/q0d9OJVgiNJ3BR8DVPIAbmuqxFs4.BcHdWqq', 'Active', '2026-07-02 03:16:41');

--
-- Indexes for dumped tables
--

--
-- Indeks untuk tabel `access_control`
--
ALTER TABLE `access_control`
  ADD PRIMARY KEY (`id`),
  ADD UNIQUE KEY `uniq_user_device` (`user_uid`,`device_id`),
  ADD KEY `idx_user_uid` (`user_uid`),
  ADD KEY `idx_device_id` (`device_id`);

--
-- Indeks untuk tabel `app_settings`
--
ALTER TABLE `app_settings`
  ADD PRIMARY KEY (`setting_key`);

--
-- Indeks untuk tabel `commands`
--
ALTER TABLE `commands`
  ADD PRIMARY KEY (`id`),
  ADD KEY `idx_device_pending` (`device_id`,`consumed_at`,`created_at`);

--
-- Indeks untuk tabel `devices`
--
ALTER TABLE `devices`
  ADD PRIMARY KEY (`device_id`);

--
-- Indeks untuk tabel `logs`
--
ALTER TABLE `logs`
  ADD PRIMARY KEY (`id`),
  ADD KEY `idx_logs_device_time` (`device_id`,`time`);

--
-- Indeks untuk tabel `users`
--
ALTER TABLE `users`
  ADD PRIMARY KEY (`id`),
  ADD UNIQUE KEY `uniq_uid` (`uid`),
  ADD UNIQUE KEY `uniq_username` (`username`);

--
-- AUTO_INCREMENT untuk tabel yang dibuang
--

--
-- AUTO_INCREMENT untuk tabel `access_control`
--
ALTER TABLE `access_control`
  MODIFY `id` int(11) NOT NULL AUTO_INCREMENT, AUTO_INCREMENT=127;

--
-- AUTO_INCREMENT untuk tabel `commands`
--
ALTER TABLE `commands`
  MODIFY `id` int(11) NOT NULL AUTO_INCREMENT, AUTO_INCREMENT=461;

--
-- AUTO_INCREMENT untuk tabel `logs`
--
ALTER TABLE `logs`
  MODIFY `id` int(11) NOT NULL AUTO_INCREMENT, AUTO_INCREMENT=912;

--
-- AUTO_INCREMENT untuk tabel `users`
--
ALTER TABLE `users`
  MODIFY `id` int(11) NOT NULL AUTO_INCREMENT, AUTO_INCREMENT=2829;
COMMIT;

/*!40101 SET CHARACTER_SET_CLIENT=@OLD_CHARACTER_SET_CLIENT */;
/*!40101 SET CHARACTER_SET_RESULTS=@OLD_CHARACTER_SET_RESULTS */;
/*!40101 SET COLLATION_CONNECTION=@OLD_COLLATION_CONNECTION */;
